model_id,n_layer,n_head,weight_decay,initialization_seed,shuffle_seed,layer,head,head_type,sign_score,violation_score,native_correct,uniform_correct,mean_correct,uniform_change_count,mean_change_count,native_id_correct,uniform_id_correct,uniform_state_10_cases,mean_state_10_cases,removal_effect_identified_lower_pp,removal_effect_identified_upper_pp,zero_reference_measured
02mnswty,3,4,0.0,495,231,1,1,neither,0.0240000002086162,0.007,898,895,895,-3,-3,999,999,within_band,within_band,-89.8,10.2,False
02mnswty,3,4,0.0,495,231,1,2,neither,0.006000000052154,0.003,898,896,895,-2,-3,999,999,within_band,within_band,-89.8,10.2,False
02mnswty,3,4,0.0,495,231,1,3,neither,0.0160000007599592,0.01,898,896,895,-2,-3,999,999,within_band,within_band,-89.8,10.2,False
02mnswty,3,4,0.0,495,231,1,4,neither,0.0130000002682209,0.004,898,897,896,-1,-2,999,999,within_band,within_band,-89.8,10.2,False
02mnswty,3,4,0.0,495,231,2,1,neither,0.1659999936819076,0.0,898,898,898,0,0,999,999,within_band,within_band,-89.8,10.2,False
02mnswty,3,4,0.0,495,231,2,2,neither,0.0,0.131,898,853,879,-45,-19,999,999,damaged,damaged,-89.8,10.2,False
02mnswty,3,4,0.0,495,231,2,3,neither,0.1400000005960464,0.0,898,898,898,0,0,999,999,within_band,within_band,-89.8,10.2,False
02mnswty,3,4,0.0,495,231,2,4,neither,0.1369999945163726,0.0,898,898,898,0,0,999,999,within_band,within_band,-89.8,10.2,False
02mnswty,3,4,0.0,495,231,3,1,neither,0.1400000005960464,0.028,898,892,894,-6,-4,999,999,within_band,within_band,-89.8,10.2,False
02mnswty,3,4,0.0,495,231,3,2,neither,0.202000007033348,0.034,898,895,895,-3,-3,999,999,within_band,within_band,-89.8,10.2,False
02mnswty,3,4,0.0,495,231,3,3,neither,0.0540000014007091,0.105,898,890,890,-8,-8,999,999,within_band,within_band,-89.8,10.2,False
02mnswty,3,4,0.0,495,231,3,4,neither,0.1449999958276748,0.052,898,890,890,-8,-8,999,999,within_band,within_band,-89.8,10.2,False
0bm0d0zo,3,2,0.0,365,220,1,1,neither,0.0240000002086162,0.0,526,525,529,-1,3,985,984,within_band,within_band,-52.6,47.4,False
0bm0d0zo,3,2,0.0,365,220,1,2,neither,0.006000000052154,0.013,526,517,527,-9,1,985,985,within_band,within_band,-52.6,47.4,False
0bm0d0zo,3,2,0.0,365,220,2,1,neither,0.0,0.258,526,513,515,-13,-11,985,986,damaged,damaged,-52.6,47.4,False
0bm0d0zo,3,2,0.0,365,220,2,2,neither,0.0,0.252,526,516,519,-10,-7,985,986,within_band,within_band,-52.6,47.4,False
0bm0d0zo,3,2,0.0,365,220,3,1,neither,0.0,0.471,526,573,565,47,39,985,985,improved,improved,-52.6,47.4,False
0bm0d0zo,3,2,0.0,365,220,3,2,neither,0.0,0.004,526,486,487,-40,-39,985,968,damaged,damaged,-52.6,47.4,False
0htm45ao,1,2,0.0,92,220,1,1,neither,0.0179999992251396,0.012,556,556,556,0,0,999,999,within_band,within_band,-55.6,44.4,False
0htm45ao,1,2,0.0,92,220,1,2,neither,0.0,0.032,556,0,0,-556,-556,999,999,damaged,damaged,-55.6,44.4,False
0nbysgqs,2,2,0.01,92,161,1,1,neither,0.0,0.0,934,934,934,0,0,999,999,within_band,within_band,-93.4,6.6,False
0nbysgqs,2,2,0.01,92,161,1,2,neither,0.0,0.0,934,934,934,0,0,999,999,within_band,within_band,-93.4,6.6,False
0nbysgqs,2,2,0.01,92,161,2,1,neither,0.0,0.0,934,934,934,0,0,999,999,within_band,within_band,-93.4,6.6,False
0nbysgqs,2,2,0.01,92,161,2,2,sign-matching,0.9940000176429749,0.0,934,936,936,2,2,999,999,within_band,within_band,-93.4,6.6,False
0pxqvyri,1,4,0.0,109,231,1,1,neither,0.0020000000949949,0.003,554,554,554,0,0,1000,1000,within_band,within_band,-55.4,44.6,False
0pxqvyri,1,4,0.0,109,231,1,2,neither,0.0099999997764825,0.021,554,554,554,0,0,1000,1000,within_band,within_band,-55.4,44.6,False
0pxqvyri,1,4,0.0,109,231,1,3,neither,0.0010000000474974,0.018,554,554,554,0,0,1000,999,within_band,within_band,-55.4,44.6,False
0pxqvyri,1,4,0.0,109,231,1,4,neither,0.0,0.027,554,0,0,-554,-554,1000,1000,damaged,damaged,-55.4,44.6,False
0qaca9kk,2,4,0.01,365,231,1,1,neither,0.0020000000949949,0.0,855,855,855,0,0,999,999,within_band,within_band,-85.5,14.5,False
0qaca9kk,2,4,0.01,365,231,1,2,neither,0.0089999996125698,0.0,855,855,855,0,0,999,999,within_band,within_band,-85.5,14.5,False
0qaca9kk,2,4,0.01,365,231,1,3,neither,0.0,0.0,855,855,855,0,0,999,999,within_band,within_band,-85.5,14.5,False
0qaca9kk,2,4,0.01,365,231,1,4,neither,0.025000000372529,0.0,855,855,855,0,0,999,999,within_band,within_band,-85.5,14.5,False
0qaca9kk,2,4,0.01,365,231,2,1,neither,0.488999992609024,0.51,855,859,863,4,8,999,991,within_band,within_band,-85.5,14.5,False
0qaca9kk,2,4,0.01,365,231,2,2,neither,0.0,0.026,855,855,855,0,0,999,999,within_band,within_band,-85.5,14.5,False
0qaca9kk,2,4,0.01,365,231,2,3,neither,0.0,0.0,855,855,855,0,0,999,999,within_band,within_band,-85.5,14.5,False
0qaca9kk,2,4,0.01,365,231,2,4,neither,0.0,0.0,855,855,855,0,0,999,999,within_band,within_band,-85.5,14.5,False
0roqbljk,2,4,0.01,105,161,1,1,neither,0.0,0.0,673,673,673,0,0,999,999,within_band,within_band,-67.3,32.7,False
0roqbljk,2,4,0.01,105,161,1,2,neither,0.0,0.0,673,673,673,0,0,999,999,within_band,within_band,-67.3,32.7,False
0roqbljk,2,4,0.01,105,161,1,3,neither,0.0,0.0,673,673,673,0,0,999,999,within_band,within_band,-67.3,32.7,False
0roqbljk,2,4,0.01,105,161,1,4,neither,0.0,0.0,673,673,673,0,0,999,999,within_band,within_band,-67.3,32.7,False
0roqbljk,2,4,0.01,105,161,2,1,neither,0.0,0.0,673,673,673,0,0,999,999,within_band,within_band,-67.3,32.7,False
0roqbljk,2,4,0.01,105,161,2,2,neither,0.0,0.0,673,673,673,0,0,999,999,within_band,within_band,-67.3,32.7,False
0roqbljk,2,4,0.01,105,161,2,3,neither,0.0,0.0,673,673,673,0,0,999,999,within_band,within_band,-67.3,32.7,False
0roqbljk,2,4,0.01,105,161,2,4,neither,0.0,0.0,673,673,673,0,0,999,999,within_band,within_band,-67.3,32.7,False
0u2jxibz,1,2,0.0,92,231,1,1,neither,0.0410000011324882,0.0,342,318,325,-24,-17,1000,999,damaged,damaged,-34.2,65.8,False
0u2jxibz,1,2,0.0,92,231,1,2,neither,0.0,0.061,342,45,41,-297,-301,1000,1000,damaged,damaged,-34.2,65.8,False
109k9pcu,2,2,0.01,109,220,1,1,neither,0.0,0.0,854,854,854,0,0,999,999,within_band,within_band,-85.4,14.6,False
109k9pcu,2,2,0.01,109,220,1,2,neither,0.0,0.006,854,854,854,0,0,999,999,within_band,within_band,-85.4,14.6,False
109k9pcu,2,2,0.01,109,220,2,1,neither,0.0,0.0,854,854,854,0,0,999,999,within_band,within_band,-85.4,14.6,False
109k9pcu,2,2,0.01,109,220,2,2,neither,0.0,0.0,854,854,854,0,0,999,999,within_band,within_band,-85.4,14.6,False
1aez5d6p,2,2,0.001,365,220,1,1,neither,0.0,0.0,779,780,780,1,1,998,998,within_band,within_band,-77.9,22.1,False
1aez5d6p,2,2,0.001,365,220,1,2,neither,0.0,0.002,779,780,780,1,1,998,998,within_band,within_band,-77.9,22.1,False
1aez5d6p,2,2,0.001,365,220,2,1,neither,0.0,0.0,779,779,779,0,0,998,998,within_band,within_band,-77.9,22.1,False
1aez5d6p,2,2,0.001,365,220,2,2,sign-matching,0.9570000171661376,0.042,779,823,827,44,48,998,974,improved,improved,-77.9,22.1,False
1rrygbco,1,4,0.0,92,220,1,1,neither,0.0109999999403953,0.011,391,391,397,0,6,999,999,within_band,within_band,-39.1,60.9,False
1rrygbco,1,4,0.0,92,220,1,2,neither,0.0010000000474974,0.007,391,388,389,-3,-2,999,999,within_band,within_band,-39.1,60.9,False
1rrygbco,1,4,0.0,92,220,1,3,neither,0.0,0.028,391,35,43,-356,-348,999,999,damaged,damaged,-39.1,60.9,False
1rrygbco,1,4,0.0,92,220,1,4,neither,0.0590000003576278,0.004,391,150,138,-241,-253,999,999,damaged,damaged,-39.1,60.9,False
1st4qedq,2,4,0.001,92,231,1,1,neither,0.0,0.06,914,914,914,0,0,999,999,within_band,within_band,-91.4,8.6,False
1st4qedq,2,4,0.001,92,231,1,2,neither,0.0,0.009,914,914,914,0,0,999,999,within_band,within_band,-91.4,8.6,False
1st4qedq,2,4,0.001,92,231,1,3,neither,0.0,0.003,914,914,914,0,0,999,999,within_band,within_band,-91.4,8.6,False
1st4qedq,2,4,0.001,92,231,1,4,neither,0.0070000002160668,0.0,914,914,914,0,0,999,999,within_band,within_band,-91.4,8.6,False
1st4qedq,2,4,0.001,92,231,2,1,neither,0.0,0.0,914,914,914,0,0,999,999,within_band,within_band,-91.4,8.6,False
1st4qedq,2,4,0.001,92,231,2,2,violation-detecting,0.0089999996125698,0.991,914,704,721,-210,-193,999,967,damaged,damaged,-91.4,8.6,False
1st4qedq,2,4,0.001,92,231,2,3,neither,0.0,0.0,914,914,914,0,0,999,999,within_band,within_band,-91.4,8.6,False
1st4qedq,2,4,0.001,92,231,2,4,neither,0.0,0.0,914,914,914,0,0,999,999,within_band,within_band,-91.4,8.6,False
1teq3gul,2,4,0.01,92,231,1,1,neither,0.0,0.0,860,860,860,0,0,999,999,within_band,within_band,-86.0,14.0,False
1teq3gul,2,4,0.01,92,231,1,2,neither,0.0,0.0,860,860,860,0,0,999,999,within_band,within_band,-86.0,14.0,False
1teq3gul,2,4,0.01,92,231,1,3,neither,0.0,0.0,860,860,860,0,0,999,999,within_band,within_band,-86.0,14.0,False
1teq3gul,2,4,0.01,92,231,1,4,neither,0.0,0.0,860,860,860,0,0,999,999,within_band,within_band,-86.0,14.0,False
1teq3gul,2,4,0.01,92,231,2,1,neither,0.0,0.0,860,860,860,0,0,999,999,within_band,within_band,-86.0,14.0,False
1teq3gul,2,4,0.01,92,231,2,2,neither,0.0,0.0,860,860,860,0,0,999,999,within_band,within_band,-86.0,14.0,False
1teq3gul,2,4,0.01,92,231,2,3,sign-matching,0.9459999799728394,0.0,860,954,953,94,93,999,998,improved,improved,-86.0,14.0,False
1teq3gul,2,4,0.01,92,231,2,4,neither,0.0,0.0,860,860,860,0,0,999,999,within_band,within_band,-86.0,14.0,False
1u92pvuk,3,4,0.0,92,231,1,1,neither,0.0160000007599592,0.003,656,656,657,0,1,1000,1000,within_band,within_band,-65.6,34.4,False
1u92pvuk,3,4,0.0,92,231,1,2,neither,0.0040000001899898,0.002,656,659,659,3,3,1000,1000,within_band,within_band,-65.6,34.4,False
1u92pvuk,3,4,0.0,92,231,1,3,neither,0.0299999993294477,0.006,656,659,658,3,2,1000,1000,within_band,within_band,-65.6,34.4,False
1u92pvuk,3,4,0.0,92,231,1,4,neither,0.0219999998807907,0.001,656,664,664,8,8,1000,1000,within_band,within_band,-65.6,34.4,False
1u92pvuk,3,4,0.0,92,231,2,1,neither,0.0,0.221,656,656,656,0,0,1000,1000,within_band,within_band,-65.6,34.4,False
1u92pvuk,3,4,0.0,92,231,2,2,neither,0.0,0.031,656,655,655,-1,-1,1000,1000,within_band,within_band,-65.6,34.4,False
1u92pvuk,3,4,0.0,92,231,2,3,violation-detecting,0.0020000000949949,0.825,656,656,656,0,0,1000,1000,within_band,within_band,-65.6,34.4,False
1u92pvuk,3,4,0.0,92,231,2,4,neither,0.0,0.785,656,656,656,0,0,1000,1000,within_band,within_band,-65.6,34.4,False
1u92pvuk,3,4,0.0,92,231,3,1,neither,0.0270000007003545,0.129,656,626,628,-30,-28,1000,1000,damaged,damaged,-65.6,34.4,False
1u92pvuk,3,4,0.0,92,231,3,2,neither,0.0,0.307,656,632,633,-24,-23,1000,1000,damaged,damaged,-65.6,34.4,False
1u92pvuk,3,4,0.0,92,231,3,3,neither,0.0,0.354,656,631,632,-25,-24,1000,1000,damaged,damaged,-65.6,34.4,False
1u92pvuk,3,4,0.0,92,231,3,4,neither,0.0109999999403953,0.154,656,621,622,-35,-34,1000,1000,damaged,damaged,-65.6,34.4,False
2aavkrzj,3,4,0.001,92,161,1,1,neither,0.0,0.0,221,221,221,0,0,999,999,within_band,within_band,-22.1,77.9,False
2aavkrzj,3,4,0.001,92,161,1,2,neither,0.0,0.0,221,221,221,0,0,999,999,within_band,within_band,-22.1,77.9,False
2aavkrzj,3,4,0.001,92,161,1,3,neither,0.0,0.0,221,221,221,0,0,999,999,within_band,within_band,-22.1,77.9,False
2aavkrzj,3,4,0.001,92,161,1,4,neither,0.0,0.0,221,221,221,0,0,999,999,within_band,within_band,-22.1,77.9,False
2aavkrzj,3,4,0.001,92,161,2,1,neither,0.0,0.006,221,221,221,0,0,999,999,within_band,within_band,-22.1,77.9,False
2aavkrzj,3,4,0.001,92,161,2,2,neither,0.0,0.009,221,221,221,0,0,999,999,within_band,within_band,-22.1,77.9,False
2aavkrzj,3,4,0.001,92,161,2,3,neither,0.0,0.009,221,221,221,0,0,999,999,within_band,within_band,-22.1,77.9,False
2aavkrzj,3,4,0.001,92,161,2,4,neither,0.0,0.016,221,221,221,0,0,999,999,within_band,within_band,-22.1,77.9,False
2aavkrzj,3,4,0.001,92,161,3,1,neither,0.0,0.0,221,221,221,0,0,999,999,within_band,within_band,-22.1,77.9,False
2aavkrzj,3,4,0.001,92,161,3,2,neither,0.0,0.0,221,221,221,0,0,999,999,within_band,within_band,-22.1,77.9,False
2aavkrzj,3,4,0.001,92,161,3,3,neither,0.0,0.0,221,221,221,0,0,999,999,within_band,within_band,-22.1,77.9,False
2aavkrzj,3,4,0.001,92,161,3,4,neither,0.0,0.0,221,221,221,0,0,999,999,within_band,within_band,-22.1,77.9,False
2cql0822,1,4,0.0,109,220,1,1,neither,0.0189999993890523,0.002,554,554,554,0,0,1000,1000,within_band,within_band,-55.4,44.6,False
2cql0822,1,4,0.0,109,220,1,2,neither,0.0,0.042,554,554,554,0,0,1000,1000,within_band,within_band,-55.4,44.6,False
2cql0822,1,4,0.0,109,220,1,3,neither,0.0280000008642673,0.003,554,554,554,0,0,1000,1000,within_band,within_band,-55.4,44.6,False
2cql0822,1,4,0.0,109,220,1,4,neither,0.0,0.028,554,2,5,-552,-549,1000,1000,damaged,damaged,-55.4,44.6,False
2f2f9msd,3,2,0.001,105,220,1,1,neither,0.0,0.0,6,6,6,0,0,1000,1000,within_band,within_band,-0.6,99.4,False
2f2f9msd,3,2,0.001,105,220,1,2,neither,0.0,0.0,6,6,6,0,0,1000,1000,within_band,within_band,-0.6,99.4,False
2f2f9msd,3,2,0.001,105,220,2,1,neither,0.0209999997168779,0.0,6,6,6,0,0,1000,1000,within_band,within_band,-0.6,99.4,False
2f2f9msd,3,2,0.001,105,220,2,2,neither,0.0149999996647238,0.0,6,6,6,0,0,1000,1000,within_band,within_band,-0.6,99.4,False
2f2f9msd,3,2,0.001,105,220,3,1,neither,0.0,0.0,6,6,6,0,0,1000,1000,within_band,within_band,-0.6,99.4,False
2f2f9msd,3,2,0.001,105,220,3,2,neither,0.0,0.0,6,6,6,0,0,1000,1000,within_band,within_band,-0.6,99.4,False
2uzl6lk7,2,2,0.0,495,231,1,1,neither,0.0209999997168779,0.0,859,954,953,95,94,999,998,improved,improved,-85.9,14.1,False
2uzl6lk7,2,2,0.0,495,231,1,2,neither,0.0299999993294477,0.0,859,954,954,95,95,999,998,improved,improved,-85.9,14.1,False
2uzl6lk7,2,2,0.0,495,231,2,1,neither,0.4300000071525574,0.178,859,863,870,4,11,999,999,within_band,improved,-85.9,14.1,False
2uzl6lk7,2,2,0.0,495,231,2,2,neither,0.096000000834465,0.537,859,814,820,-45,-39,999,999,damaged,damaged,-85.9,14.1,False
2wnh45yf,2,2,0.0,365,231,1,1,neither,0.0260000005364418,0.006,696,692,706,-4,10,999,999,within_band,within_band,-69.6,30.4,False
2wnh45yf,2,2,0.0,365,231,1,2,neither,0.0179999992251396,0.007,696,690,697,-6,1,999,999,within_band,within_band,-69.6,30.4,False
2wnh45yf,2,2,0.0,365,231,2,1,neither,0.0010000000474974,0.55,696,657,659,-39,-37,999,999,damaged,damaged,-69.6,30.4,False
2wnh45yf,2,2,0.0,365,231,2,2,neither,0.0219999998807907,0.444,696,676,675,-20,-21,999,999,damaged,damaged,-69.6,30.4,False
31r8idn1,3,4,0.01,109,220,1,1,neither,0.0,0.0,76,76,76,0,0,999,999,within_band,within_band,-7.6,92.4,False
31r8idn1,3,4,0.01,109,220,1,2,neither,0.0,0.0,76,76,76,0,0,999,999,within_band,within_band,-7.6,92.4,False
31r8idn1,3,4,0.01,109,220,1,3,neither,0.0,0.0,76,76,76,0,0,999,999,within_band,within_band,-7.6,92.4,False
31r8idn1,3,4,0.01,109,220,1,4,neither,0.0,0.0,76,76,76,0,0,999,999,within_band,within_band,-7.6,92.4,False
31r8idn1,3,4,0.01,109,220,2,1,neither,0.0,0.0,76,76,76,0,0,999,999,within_band,within_band,-7.6,92.4,False
31r8idn1,3,4,0.01,109,220,2,2,neither,0.0,0.0,76,76,76,0,0,999,999,within_band,within_band,-7.6,92.4,False
31r8idn1,3,4,0.01,109,220,2,3,neither,0.0,0.0,76,76,76,0,0,999,999,within_band,within_band,-7.6,92.4,False
31r8idn1,3,4,0.01,109,220,2,4,neither,0.0,0.0,76,76,76,0,0,999,999,within_band,within_band,-7.6,92.4,False
31r8idn1,3,4,0.01,109,220,3,1,neither,0.0,0.0,76,76,76,0,0,999,999,within_band,within_band,-7.6,92.4,False
31r8idn1,3,4,0.01,109,220,3,2,neither,0.0,0.0,76,76,76,0,0,999,999,within_band,within_band,-7.6,92.4,False
31r8idn1,3,4,0.01,109,220,3,3,neither,0.0,0.0,76,76,76,0,0,999,999,within_band,within_band,-7.6,92.4,False
31r8idn1,3,4,0.01,109,220,3,4,neither,0.0,0.0,76,76,76,0,0,999,999,within_band,within_band,-7.6,92.4,False
3e5qgrm2,1,2,0.001,105,231,1,1,neither,0.0179999992251396,0.0,0,0,0,0,0,999,999,within_band,within_band,0.0,100.0,False
3e5qgrm2,1,2,0.001,105,231,1,2,neither,0.0,0.0,0,0,0,0,0,999,999,within_band,within_band,0.0,100.0,False
3s8ung8y,3,4,0.01,105,220,1,1,neither,0.0,0.0,22,22,22,0,0,1000,1000,within_band,within_band,-2.2,97.8,False
3s8ung8y,3,4,0.01,105,220,1,2,neither,0.0,0.0,22,22,22,0,0,1000,1000,within_band,within_band,-2.2,97.8,False
3s8ung8y,3,4,0.01,105,220,1,3,neither,0.0,0.0,22,22,22,0,0,1000,1000,within_band,within_band,-2.2,97.8,False
3s8ung8y,3,4,0.01,105,220,1,4,neither,0.0,0.0,22,22,22,0,0,1000,1000,within_band,within_band,-2.2,97.8,False
3s8ung8y,3,4,0.01,105,220,2,1,neither,0.0,0.004,22,22,22,0,0,1000,1000,within_band,within_band,-2.2,97.8,False
3s8ung8y,3,4,0.01,105,220,2,2,neither,0.0,0.0,22,22,22,0,0,1000,1000,within_band,within_band,-2.2,97.8,False
3s8ung8y,3,4,0.01,105,220,2,3,neither,0.0,0.002,22,22,22,0,0,1000,1000,within_band,within_band,-2.2,97.8,False
3s8ung8y,3,4,0.01,105,220,2,4,neither,0.0,0.0,22,22,22,0,0,1000,1000,within_band,within_band,-2.2,97.8,False
3s8ung8y,3,4,0.01,105,220,3,1,neither,0.0,0.0,22,22,22,0,0,1000,1000,within_band,within_band,-2.2,97.8,False
3s8ung8y,3,4,0.01,105,220,3,2,neither,0.0,0.0,22,22,22,0,0,1000,1000,within_band,within_band,-2.2,97.8,False
3s8ung8y,3,4,0.01,105,220,3,3,neither,0.0,0.0,22,22,22,0,0,1000,1000,within_band,within_band,-2.2,97.8,False
3s8ung8y,3,4,0.01,105,220,3,4,neither,0.0,0.0,22,22,22,0,0,1000,1000,within_band,within_band,-2.2,97.8,False
3zr6osaf,2,2,0.0,105,161,1,1,neither,0.025000000372529,0.003,668,663,665,-5,-3,1000,1000,within_band,within_band,-66.8,33.2,False
3zr6osaf,2,2,0.0,105,161,1,2,neither,0.0099999997764825,0.0,668,641,644,-27,-24,1000,1000,damaged,damaged,-66.8,33.2,False
3zr6osaf,2,2,0.0,105,161,2,1,violation-detecting,0.0020000000949949,0.978,668,556,572,-112,-96,1000,999,damaged,damaged,-66.8,33.2,False
3zr6osaf,2,2,0.0,105,161,2,2,violation-detecting,0.0,1.0,668,574,581,-94,-87,1000,1000,damaged,damaged,-66.8,33.2,False
41fpqk2h,3,2,0.001,109,161,1,1,neither,0.0,0.023,302,302,302,0,0,1000,1000,within_band,within_band,-30.2,69.8,False
41fpqk2h,3,2,0.001,109,161,1,2,neither,0.0,0.021,302,302,302,0,0,1000,1000,within_band,within_band,-30.2,69.8,False
41fpqk2h,3,2,0.001,109,161,2,1,neither,0.0,0.0,302,302,302,0,0,1000,1000,within_band,within_band,-30.2,69.8,False
41fpqk2h,3,2,0.001,109,161,2,2,neither,0.0,0.0,302,302,302,0,0,1000,1000,within_band,within_band,-30.2,69.8,False
41fpqk2h,3,2,0.001,109,161,3,1,neither,0.0,0.0,302,302,302,0,0,1000,1000,within_band,within_band,-30.2,69.8,False
41fpqk2h,3,2,0.001,109,161,3,2,neither,0.0,0.0,302,302,302,0,0,1000,1000,within_band,within_band,-30.2,69.8,False
428u5csv,2,4,0.001,495,220,1,1,neither,0.0,0.003,676,676,676,0,0,999,999,within_band,within_band,-67.6,32.4,False
428u5csv,2,4,0.001,495,220,1,2,neither,0.0,0.001,676,676,676,0,0,999,999,within_band,within_band,-67.6,32.4,False
428u5csv,2,4,0.001,495,220,1,3,neither,0.0,0.0,676,676,676,0,0,999,999,within_band,within_band,-67.6,32.4,False
428u5csv,2,4,0.001,495,220,1,4,neither,0.0,0.003,676,676,676,0,0,999,999,within_band,within_band,-67.6,32.4,False
428u5csv,2,4,0.001,495,220,2,1,sign-matching,0.977999985218048,0.0,676,902,897,226,221,999,966,improved,improved,-67.6,32.4,False
428u5csv,2,4,0.001,495,220,2,2,neither,0.0,0.0,676,676,676,0,0,999,999,within_band,within_band,-67.6,32.4,False
428u5csv,2,4,0.001,495,220,2,3,neither,0.0,0.0,676,676,676,0,0,999,999,within_band,within_band,-67.6,32.4,False
428u5csv,2,4,0.001,495,220,2,4,neither,0.0,0.0,676,676,676,0,0,999,999,within_band,within_band,-67.6,32.4,False
4kto39mz,3,4,0.0,105,161,1,1,neither,0.0,0.007,832,832,833,0,1,999,999,within_band,within_band,-83.2,16.8,False
4kto39mz,3,4,0.0,105,161,1,2,neither,0.0040000001899898,0.006,832,831,831,-1,-1,999,999,within_band,within_band,-83.2,16.8,False
4kto39mz,3,4,0.0,105,161,1,3,neither,0.0040000001899898,0.005,832,826,828,-6,-4,999,999,within_band,within_band,-83.2,16.8,False
4kto39mz,3,4,0.0,105,161,1,4,neither,0.0040000001899898,0.018,832,830,830,-2,-2,999,999,within_band,within_band,-83.2,16.8,False
4kto39mz,3,4,0.0,105,161,2,1,neither,0.0,0.001,832,828,828,-4,-4,999,999,within_band,within_band,-83.2,16.8,False
4kto39mz,3,4,0.0,105,161,2,2,neither,0.0,0.108,832,833,833,1,1,999,999,within_band,within_band,-83.2,16.8,False
4kto39mz,3,4,0.0,105,161,2,3,neither,0.0,0.127,832,831,831,-1,-1,999,999,within_band,within_band,-83.2,16.8,False
4kto39mz,3,4,0.0,105,161,2,4,neither,0.0020000000949949,0.0,832,830,831,-2,-1,999,999,within_band,within_band,-83.2,16.8,False
4kto39mz,3,4,0.0,105,161,3,1,neither,0.0,0.333,832,753,758,-79,-74,999,999,damaged,damaged,-83.2,16.8,False
4kto39mz,3,4,0.0,105,161,3,2,neither,0.0,0.334,832,740,743,-92,-89,999,999,damaged,damaged,-83.2,16.8,False
4kto39mz,3,4,0.0,105,161,3,3,neither,0.0,0.407,832,793,795,-39,-37,999,999,damaged,damaged,-83.2,16.8,False
4kto39mz,3,4,0.0,105,161,3,4,neither,0.0,0.334,832,789,788,-43,-44,999,999,damaged,damaged,-83.2,16.8,False
4l0j90ld,2,4,0.0,105,220,1,1,neither,0.0170000009238719,0.001,254,249,251,-5,-3,1000,1000,within_band,within_band,-25.4,74.6,False
4l0j90ld,2,4,0.0,105,220,1,2,neither,0.0020000000949949,0.008,254,252,256,-2,2,1000,1000,within_band,within_band,-25.4,74.6,False
4l0j90ld,2,4,0.0,105,220,1,3,neither,0.0120000001043081,0.004,254,247,257,-7,3,1000,1000,within_band,within_band,-25.4,74.6,False
4l0j90ld,2,4,0.0,105,220,1,4,neither,0.0070000002160668,0.001,254,252,252,-2,-2,1000,1000,within_band,within_band,-25.4,74.6,False
4l0j90ld,2,4,0.0,105,220,2,1,neither,0.1299999952316284,0.015,254,344,339,90,85,1000,1000,improved,improved,-25.4,74.6,False
4l0j90ld,2,4,0.0,105,220,2,2,neither,0.2520000040531158,0.011,254,359,352,105,98,1000,1000,improved,improved,-25.4,74.6,False
4l0j90ld,2,4,0.0,105,220,2,3,neither,0.1809999942779541,0.011,254,365,362,111,108,1000,1000,improved,improved,-25.4,74.6,False
4l0j90ld,2,4,0.0,105,220,2,4,neither,0.1829999983310699,0.017,254,348,338,94,84,1000,1000,improved,improved,-25.4,74.6,False
4lxymwdy,1,4,0.0,105,231,1,1,neither,0.0,0.054,554,559,559,5,5,1000,1000,within_band,within_band,-55.4,44.6,False
4lxymwdy,1,4,0.0,105,231,1,2,neither,0.0089999996125698,0.003,554,555,554,1,0,1000,1000,within_band,within_band,-55.4,44.6,False
4lxymwdy,1,4,0.0,105,231,1,3,neither,0.0399999991059303,0.0,554,554,554,0,0,1000,1000,within_band,within_band,-55.4,44.6,False
4lxymwdy,1,4,0.0,105,231,1,4,neither,0.0,0.035,554,0,0,-554,-554,1000,1000,damaged,damaged,-55.4,44.6,False
4oivv313,3,4,0.0,495,220,1,1,neither,0.0219999998807907,0.0,980,980,980,0,0,1000,1000,within_band,within_band,-98.0,2.0,False
4oivv313,3,4,0.0,495,220,1,2,neither,0.0140000004321336,0.0,980,979,979,-1,-1,1000,1000,within_band,within_band,-98.0,2.0,False
4oivv313,3,4,0.0,495,220,1,3,neither,0.0099999997764825,0.0,980,988,987,8,7,1000,1000,within_band,within_band,-98.0,2.0,False
4oivv313,3,4,0.0,495,220,1,4,neither,0.0080000003799796,0.0,980,980,980,0,0,1000,1000,within_band,within_band,-98.0,2.0,False
4oivv313,3,4,0.0,495,220,2,1,violation-detecting,0.0,0.921,980,980,980,0,0,1000,1000,within_band,within_band,-98.0,2.0,False
4oivv313,3,4,0.0,495,220,2,2,neither,0.0,0.592,980,976,976,-4,-4,1000,1000,within_band,within_band,-98.0,2.0,False
4oivv313,3,4,0.0,495,220,2,3,violation-detecting,0.1209999993443489,0.81,980,979,980,-1,0,1000,1000,within_band,within_band,-98.0,2.0,False
4oivv313,3,4,0.0,495,220,2,4,neither,0.0,0.766,980,978,978,-2,-2,1000,1000,within_band,within_band,-98.0,2.0,False
4oivv313,3,4,0.0,495,220,3,1,violation-detecting,0.0,0.987,980,964,963,-16,-17,1000,1000,damaged,damaged,-98.0,2.0,False
4oivv313,3,4,0.0,495,220,3,2,violation-detecting,0.0,0.985,980,968,968,-12,-12,1000,1000,damaged,damaged,-98.0,2.0,False
4oivv313,3,4,0.0,495,220,3,3,violation-detecting,0.0,0.983,980,946,945,-34,-35,1000,1000,damaged,damaged,-98.0,2.0,False
4oivv313,3,4,0.0,495,220,3,4,violation-detecting,0.0,0.985,980,914,915,-66,-65,1000,1000,damaged,damaged,-98.0,2.0,False
4yx9m7wz,1,2,0.001,92,231,1,1,neither,0.0,0.0,0,0,0,0,0,999,999,within_band,within_band,0.0,100.0,False
4yx9m7wz,1,2,0.001,92,231,1,2,neither,0.0189999993890523,0.0,0,0,0,0,0,999,999,within_band,within_band,0.0,100.0,False
50h5xlod,2,2,0.01,495,161,1,1,neither,0.0049999998882412,0.0,899,899,899,0,0,999,999,within_band,within_band,-89.9,10.1,False
50h5xlod,2,2,0.01,495,161,1,2,neither,0.0,0.0,899,899,899,0,0,999,999,within_band,within_band,-89.9,10.1,False
50h5xlod,2,2,0.01,495,161,2,1,sign-matching,1.0,0.0,899,928,927,29,28,999,999,improved,improved,-89.9,10.1,False
50h5xlod,2,2,0.01,495,161,2,2,neither,0.0,0.0,899,899,899,0,0,999,999,within_band,within_band,-89.9,10.1,False
51v3r83l,1,4,0.01,109,220,1,1,neither,0.0,0.0,0,0,0,0,0,1000,1000,within_band,within_band,0.0,100.0,False
51v3r83l,1,4,0.01,109,220,1,2,neither,0.0,0.0,0,0,0,0,0,1000,1000,within_band,within_band,0.0,100.0,False
51v3r83l,1,4,0.01,109,220,1,3,neither,0.0,0.0,0,0,0,0,0,1000,1000,within_band,within_band,0.0,100.0,False
51v3r83l,1,4,0.01,109,220,1,4,neither,0.0,0.0,0,0,0,0,0,1000,1000,within_band,within_band,0.0,100.0,False
539mnmya,2,2,0.0,109,220,1,1,neither,0.0020000000949949,0.007,997,998,997,1,0,1000,1000,within_band,within_band,-99.7,0.3,False
539mnmya,2,2,0.0,109,220,1,2,neither,0.0209999997168779,0.0,997,996,997,-1,0,1000,1000,within_band,within_band,-99.7,0.3,False
539mnmya,2,2,0.0,109,220,2,1,violation-detecting,0.0,0.997,997,898,902,-99,-95,1000,1000,damaged,damaged,-99.7,0.3,False
539mnmya,2,2,0.0,109,220,2,2,violation-detecting,0.0,0.99,997,875,876,-122,-121,1000,1000,damaged,damaged,-99.7,0.3,False
5598sc1p,1,4,0.001,92,161,1,1,neither,0.0,0.025,0,0,0,0,0,1000,1000,within_band,within_band,0.0,100.0,False
5598sc1p,1,4,0.001,92,161,1,2,neither,0.0,0.0,0,0,0,0,0,1000,1000,within_band,within_band,0.0,100.0,False
5598sc1p,1,4,0.001,92,161,1,3,neither,0.0,0.0,0,0,0,0,0,1000,1000,within_band,within_band,0.0,100.0,False
5598sc1p,1,4,0.001,92,161,1,4,neither,0.0,0.025,0,0,0,0,0,1000,1000,within_band,within_band,0.0,100.0,False
5bbgxqan,2,2,0.0,92,220,1,1,neither,0.0040000001899898,0.016,749,717,716,-32,-33,999,999,damaged,damaged,-74.9,25.1,False
5bbgxqan,2,2,0.0,92,220,1,2,neither,0.0099999997764825,0.007,749,757,759,8,10,999,999,within_band,within_band,-74.9,25.1,False
5bbgxqan,2,2,0.0,92,220,2,1,neither,0.1070000007748603,0.474,749,713,713,-36,-36,999,999,damaged,damaged,-74.9,25.1,False
5bbgxqan,2,2,0.0,92,220,2,2,violation-detecting,0.0010000000474974,0.944,749,580,586,-169,-163,999,999,damaged,damaged,-74.9,25.1,False
5d921tux,2,4,0.01,365,161,1,1,neither,0.0149999996647238,0.0,898,898,898,0,0,999,999,within_band,within_band,-89.8,10.2,False
5d921tux,2,4,0.01,365,161,1,2,neither,0.0140000004321336,0.0,898,898,898,0,0,999,999,within_band,within_band,-89.8,10.2,False
5d921tux,2,4,0.01,365,161,1,3,neither,0.0130000002682209,0.0,898,898,898,0,0,999,999,within_band,within_band,-89.8,10.2,False
5d921tux,2,4,0.01,365,161,1,4,neither,0.0040000001899898,0.0,898,898,898,0,0,999,999,within_band,within_band,-89.8,10.2,False
5d921tux,2,4,0.01,365,161,2,1,neither,0.6919999718666077,0.308,898,910,912,12,14,999,997,improved,improved,-89.8,10.2,False
5d921tux,2,4,0.01,365,161,2,2,neither,0.0,0.0,898,898,898,0,0,999,999,within_band,within_band,-89.8,10.2,False
5d921tux,2,4,0.01,365,161,2,3,neither,0.0,0.0,898,898,898,0,0,999,999,within_band,within_band,-89.8,10.2,False
5d921tux,2,4,0.01,365,161,2,4,neither,0.0,0.0,898,898,898,0,0,999,999,within_band,within_band,-89.8,10.2,False
5gekouta,3,4,0.001,495,231,1,1,neither,0.0,0.0,111,111,111,0,0,999,999,within_band,within_band,-11.1,88.9,False
5gekouta,3,4,0.001,495,231,1,2,neither,0.0,0.0,111,111,111,0,0,999,999,within_band,within_band,-11.1,88.9,False
5gekouta,3,4,0.001,495,231,1,3,neither,0.0,0.0,111,111,111,0,0,999,999,within_band,within_band,-11.1,88.9,False
5gekouta,3,4,0.001,495,231,1,4,neither,0.0,0.0,111,111,111,0,0,999,999,within_band,within_band,-11.1,88.9,False
5gekouta,3,4,0.001,495,231,2,1,neither,0.0,0.0,111,111,111,0,0,999,999,within_band,within_band,-11.1,88.9,False
5gekouta,3,4,0.001,495,231,2,2,neither,0.0,0.0,111,111,111,0,0,999,999,within_band,within_band,-11.1,88.9,False
5gekouta,3,4,0.001,495,231,2,3,neither,0.0,0.0,111,111,111,0,0,999,999,within_band,within_band,-11.1,88.9,False
5gekouta,3,4,0.001,495,231,2,4,neither,0.0,0.0,111,111,111,0,0,999,999,within_band,within_band,-11.1,88.9,False
5gekouta,3,4,0.001,495,231,3,1,neither,0.0,0.0,111,111,111,0,0,999,999,within_band,within_band,-11.1,88.9,False
5gekouta,3,4,0.001,495,231,3,2,neither,0.0,0.0,111,111,111,0,0,999,999,within_band,within_band,-11.1,88.9,False
5gekouta,3,4,0.001,495,231,3,3,neither,0.0,0.0,111,111,111,0,0,999,999,within_band,within_band,-11.1,88.9,False
5gekouta,3,4,0.001,495,231,3,4,neither,0.0,0.0,111,111,111,0,0,999,999,within_band,within_band,-11.1,88.9,False
5jiu3i86,2,2,0.001,109,231,1,1,neither,0.0230000000447034,0.0,5,5,5,0,0,1000,1000,within_band,within_band,-0.5,99.5,False
5jiu3i86,2,2,0.001,109,231,1,2,neither,0.0,0.012,5,5,5,0,0,1000,1000,within_band,within_band,-0.5,99.5,False
5jiu3i86,2,2,0.001,109,231,2,1,neither,0.0,0.0,5,5,5,0,0,1000,1000,within_band,within_band,-0.5,99.5,False
5jiu3i86,2,2,0.001,109,231,2,2,neither,0.0,0.0,5,5,5,0,0,1000,1000,within_band,within_band,-0.5,99.5,False
5og3j609,3,4,0.01,365,231,1,1,neither,0.0,0.0,12,12,12,0,0,1000,1000,within_band,within_band,-1.2,98.8,False
5og3j609,3,4,0.01,365,231,1,2,neither,0.0,0.0,12,12,12,0,0,1000,1000,within_band,within_band,-1.2,98.8,False
5og3j609,3,4,0.01,365,231,1,3,neither,0.0,0.0,12,12,12,0,0,1000,1000,within_band,within_band,-1.2,98.8,False
5og3j609,3,4,0.01,365,231,1,4,neither,0.0,0.0,12,12,12,0,0,1000,1000,within_band,within_band,-1.2,98.8,False
5og3j609,3,4,0.01,365,231,2,1,neither,0.0,0.0,12,12,12,0,0,1000,1000,within_band,within_band,-1.2,98.8,False
5og3j609,3,4,0.01,365,231,2,2,neither,0.0,0.0,12,12,12,0,0,1000,1000,within_band,within_band,-1.2,98.8,False
5og3j609,3,4,0.01,365,231,2,3,neither,0.0,0.0,12,12,12,0,0,1000,1000,within_band,within_band,-1.2,98.8,False
5og3j609,3,4,0.01,365,231,2,4,neither,0.0,0.0,12,12,12,0,0,1000,1000,within_band,within_band,-1.2,98.8,False
5og3j609,3,4,0.01,365,231,3,1,neither,0.0,0.0,12,12,12,0,0,1000,1000,within_band,within_band,-1.2,98.8,False
5og3j609,3,4,0.01,365,231,3,2,neither,0.0,0.0,12,12,12,0,0,1000,1000,within_band,within_band,-1.2,98.8,False
5og3j609,3,4,0.01,365,231,3,3,neither,0.0,0.0,12,12,12,0,0,1000,1000,within_band,within_band,-1.2,98.8,False
5og3j609,3,4,0.01,365,231,3,4,neither,0.0,0.0,12,12,12,0,0,1000,1000,within_band,within_band,-1.2,98.8,False
5oh56u9i,1,2,0.001,92,161,1,1,neither,0.0,0.012,0,0,0,0,0,999,999,within_band,within_band,0.0,100.0,False
5oh56u9i,1,2,0.001,92,161,1,2,neither,0.0,0.0,0,0,0,0,0,999,999,within_band,within_band,0.0,100.0,False
5r5euj2m,2,4,0.01,495,231,1,1,neither,0.0,0.0,896,896,896,0,0,999,999,within_band,within_band,-89.6,10.4,False
5r5euj2m,2,4,0.01,495,231,1,2,neither,0.0,0.0,896,896,896,0,0,999,999,within_band,within_band,-89.6,10.4,False
5r5euj2m,2,4,0.01,495,231,1,3,neither,0.0,0.0,896,896,896,0,0,999,999,within_band,within_band,-89.6,10.4,False
5r5euj2m,2,4,0.01,495,231,1,4,neither,0.0,0.0,896,896,896,0,0,999,999,within_band,within_band,-89.6,10.4,False
5r5euj2m,2,4,0.01,495,231,2,1,sign-matching,1.0,0.0,896,928,927,32,31,999,998,improved,improved,-89.6,10.4,False
5r5euj2m,2,4,0.01,495,231,2,2,neither,0.0,0.0,896,896,896,0,0,999,999,within_band,within_band,-89.6,10.4,False
5r5euj2m,2,4,0.01,495,231,2,3,neither,0.0,0.0,896,896,896,0,0,999,999,within_band,within_band,-89.6,10.4,False
5r5euj2m,2,4,0.01,495,231,2,4,neither,0.0,0.0,896,896,896,0,0,999,999,within_band,within_band,-89.6,10.4,False
61ea7zvm,2,2,0.01,105,161,1,1,neither,0.0,0.0,867,867,867,0,0,999,999,within_band,within_band,-86.7,13.3,False
61ea7zvm,2,2,0.01,105,161,1,2,neither,0.0,0.0,867,867,867,0,0,999,999,within_band,within_band,-86.7,13.3,False
61ea7zvm,2,2,0.01,105,161,2,1,neither,0.0,0.0,867,867,867,0,0,999,999,within_band,within_band,-86.7,13.3,False
61ea7zvm,2,2,0.01,105,161,2,2,sign-matching,0.9700000286102296,0.03,867,920,919,53,52,999,985,improved,improved,-86.7,13.3,False
67x1mts0,3,4,0.001,365,231,1,1,neither,0.0,0.0,290,290,290,0,0,1000,1000,within_band,within_band,-29.0,71.0,False
67x1mts0,3,4,0.001,365,231,1,2,neither,0.0,0.0,290,290,290,0,0,1000,1000,within_band,within_band,-29.0,71.0,False
67x1mts0,3,4,0.001,365,231,1,3,neither,0.0,0.0,290,290,290,0,0,1000,1000,within_band,within_band,-29.0,71.0,False
67x1mts0,3,4,0.001,365,231,1,4,neither,0.0,0.0,290,290,290,0,0,1000,1000,within_band,within_band,-29.0,71.0,False
67x1mts0,3,4,0.001,365,231,2,1,neither,0.0080000003799796,0.0,290,290,290,0,0,1000,1000,within_band,within_band,-29.0,71.0,False
67x1mts0,3,4,0.001,365,231,2,2,neither,0.0040000001899898,0.0,290,290,290,0,0,1000,1000,within_band,within_band,-29.0,71.0,False
67x1mts0,3,4,0.001,365,231,2,3,neither,0.0040000001899898,0.0,290,290,290,0,0,1000,1000,within_band,within_band,-29.0,71.0,False
67x1mts0,3,4,0.001,365,231,2,4,neither,0.0020000000949949,0.0,290,290,290,0,0,1000,1000,within_band,within_band,-29.0,71.0,False
67x1mts0,3,4,0.001,365,231,3,1,neither,0.0,0.0,290,290,290,0,0,1000,1000,within_band,within_band,-29.0,71.0,False
67x1mts0,3,4,0.001,365,231,3,2,neither,0.0,0.0,290,290,290,0,0,1000,1000,within_band,within_band,-29.0,71.0,False
67x1mts0,3,4,0.001,365,231,3,3,neither,0.0,0.0,290,290,290,0,0,1000,1000,within_band,within_band,-29.0,71.0,False
67x1mts0,3,4,0.001,365,231,3,4,neither,0.0,0.0,290,290,290,0,0,1000,1000,within_band,within_band,-29.0,71.0,False
68bkthnc,2,4,0.0,105,231,1,1,neither,0.0010000000474974,0.014,616,615,615,-1,-1,1000,1000,within_band,within_band,-61.6,38.4,False
68bkthnc,2,4,0.0,105,231,1,2,neither,0.006000000052154,0.012,616,614,619,-2,3,1000,1000,within_band,within_band,-61.6,38.4,False
68bkthnc,2,4,0.0,105,231,1,3,neither,0.0049999998882412,0.006,616,611,612,-5,-4,1000,1000,within_band,within_band,-61.6,38.4,False
68bkthnc,2,4,0.0,105,231,1,4,neither,0.0089999996125698,0.0,616,615,617,-1,1,1000,1000,within_band,within_band,-61.6,38.4,False
68bkthnc,2,4,0.0,105,231,2,1,neither,0.0,0.784,616,588,589,-28,-27,1000,1000,damaged,damaged,-61.6,38.4,False
68bkthnc,2,4,0.0,105,231,2,2,neither,0.003000000026077,0.764,616,596,596,-20,-20,1000,1000,damaged,damaged,-61.6,38.4,False
68bkthnc,2,4,0.0,105,231,2,3,neither,0.0,0.62,616,572,573,-44,-43,1000,1000,damaged,damaged,-61.6,38.4,False
68bkthnc,2,4,0.0,105,231,2,4,neither,0.0,0.713,616,582,583,-34,-33,1000,1000,damaged,damaged,-61.6,38.4,False
6bue7cn6,3,2,0.001,92,231,1,1,neither,0.0040000001899898,0.0,423,424,424,1,1,1000,1000,within_band,within_band,-42.3,57.7,False
6bue7cn6,3,2,0.001,92,231,1,2,neither,0.0040000001899898,0.0,423,424,424,1,1,1000,1000,within_band,within_band,-42.3,57.7,False
6bue7cn6,3,2,0.001,92,231,2,1,neither,0.0,0.0,423,423,423,0,0,1000,1000,within_band,within_band,-42.3,57.7,False
6bue7cn6,3,2,0.001,92,231,2,2,neither,0.0,0.0,423,423,423,0,0,1000,1000,within_band,within_band,-42.3,57.7,False
6bue7cn6,3,2,0.001,92,231,3,1,neither,0.0,0.0,423,423,423,0,0,1000,1000,within_band,within_band,-42.3,57.7,False
6bue7cn6,3,2,0.001,92,231,3,2,neither,0.0,0.0,423,423,423,0,0,1000,1000,within_band,within_band,-42.3,57.7,False
6co0pl9i,3,4,0.001,365,161,1,1,neither,0.0,0.0,740,740,740,0,0,999,999,within_band,within_band,-74.0,26.0,False
6co0pl9i,3,4,0.001,365,161,1,2,neither,0.0,0.0,740,740,740,0,0,999,999,within_band,within_band,-74.0,26.0,False
6co0pl9i,3,4,0.001,365,161,1,3,neither,0.0,0.0,740,740,740,0,0,999,999,within_band,within_band,-74.0,26.0,False
6co0pl9i,3,4,0.001,365,161,1,4,neither,0.0,0.0,740,740,740,0,0,999,999,within_band,within_band,-74.0,26.0,False
6co0pl9i,3,4,0.001,365,161,2,1,neither,0.0370000004768371,0.0,740,740,740,0,0,999,999,within_band,within_band,-74.0,26.0,False
6co0pl9i,3,4,0.001,365,161,2,2,neither,0.0350000001490116,0.0,740,740,740,0,0,999,999,within_band,within_band,-74.0,26.0,False
6co0pl9i,3,4,0.001,365,161,2,3,neither,0.0359999984502792,0.0,740,740,740,0,0,999,999,within_band,within_band,-74.0,26.0,False
6co0pl9i,3,4,0.001,365,161,2,4,neither,0.0350000001490116,0.0,740,740,740,0,0,999,999,within_band,within_band,-74.0,26.0,False
6co0pl9i,3,4,0.001,365,161,3,1,neither,0.0,0.115,740,740,740,0,0,999,999,within_band,within_band,-74.0,26.0,False
6co0pl9i,3,4,0.001,365,161,3,2,neither,0.0,0.0,740,740,740,0,0,999,999,within_band,within_band,-74.0,26.0,False
6co0pl9i,3,4,0.001,365,161,3,3,neither,0.0,0.0,740,740,740,0,0,999,999,within_band,within_band,-74.0,26.0,False
6co0pl9i,3,4,0.001,365,161,3,4,neither,0.0,0.0,740,740,740,0,0,999,999,within_band,within_band,-74.0,26.0,False
6j2efnzx,2,4,0.001,109,220,1,1,neither,0.0010000000474974,0.0,842,842,842,0,0,998,998,within_band,within_band,-84.2,15.8,False
6j2efnzx,2,4,0.001,109,220,1,2,neither,0.0,0.0,842,842,842,0,0,998,998,within_band,within_band,-84.2,15.8,False
6j2efnzx,2,4,0.001,109,220,1,3,neither,0.0010000000474974,0.0,842,842,842,0,0,998,998,within_band,within_band,-84.2,15.8,False
6j2efnzx,2,4,0.001,109,220,1,4,neither,0.0010000000474974,0.0,842,842,842,0,0,998,998,within_band,within_band,-84.2,15.8,False
6j2efnzx,2,4,0.001,109,220,2,1,neither,0.0,0.0,842,842,842,0,0,998,998,within_band,within_band,-84.2,15.8,False
6j2efnzx,2,4,0.001,109,220,2,2,sign-matching,0.8920000195503235,0.0,842,940,942,98,100,998,981,improved,improved,-84.2,15.8,False
6j2efnzx,2,4,0.001,109,220,2,3,neither,0.0,0.0,842,842,842,0,0,998,998,within_band,within_band,-84.2,15.8,False
6j2efnzx,2,4,0.001,109,220,2,4,neither,0.0,0.0,842,842,842,0,0,998,998,within_band,within_band,-84.2,15.8,False
6kqrvqhq,1,2,0.001,365,220,1,1,neither,0.0,0.01,0,0,0,0,0,1000,1000,within_band,within_band,0.0,100.0,False
6kqrvqhq,1,2,0.001,365,220,1,2,neither,0.0,0.0,0,0,0,0,0,1000,1000,within_band,within_band,0.0,100.0,False
6ny1w0fp,2,4,0.001,105,161,1,1,neither,0.0,0.015,797,796,796,-1,-1,999,999,within_band,within_band,-79.7,20.3,False
6ny1w0fp,2,4,0.001,105,161,1,2,neither,0.0109999999403953,0.0,797,798,798,1,1,999,999,within_band,within_band,-79.7,20.3,False
6ny1w0fp,2,4,0.001,105,161,1,3,neither,0.0,0.024,797,797,797,0,0,999,999,within_band,within_band,-79.7,20.3,False
6ny1w0fp,2,4,0.001,105,161,1,4,neither,0.0160000007599592,0.0,797,797,797,0,0,999,999,within_band,within_band,-79.7,20.3,False
6ny1w0fp,2,4,0.001,105,161,2,1,neither,0.0,0.0,797,797,797,0,0,999,999,within_band,within_band,-79.7,20.3,False
6ny1w0fp,2,4,0.001,105,161,2,2,neither,0.0,0.0,797,797,797,0,0,999,999,within_band,within_band,-79.7,20.3,False
6ny1w0fp,2,4,0.001,105,161,2,3,neither,0.0,0.0,797,797,797,0,0,999,999,within_band,within_band,-79.7,20.3,False
6ny1w0fp,2,4,0.001,105,161,2,4,neither,0.0,0.0,797,797,797,0,0,999,999,within_band,within_band,-79.7,20.3,False
6pfrsq5e,3,2,0.001,495,161,1,1,neither,0.0,0.006,936,936,936,0,0,999,999,within_band,within_band,-93.6,6.4,False
6pfrsq5e,3,2,0.001,495,161,1,2,neither,0.0,0.006,936,936,936,0,0,999,999,within_band,within_band,-93.6,6.4,False
6pfrsq5e,3,2,0.001,495,161,2,1,neither,0.0,0.0,936,936,936,0,0,999,999,within_band,within_band,-93.6,6.4,False
6pfrsq5e,3,2,0.001,495,161,2,2,neither,0.0,0.0,936,936,936,0,0,999,999,within_band,within_band,-93.6,6.4,False
6pfrsq5e,3,2,0.001,495,161,3,1,violation-detecting,0.0,1.0,936,847,852,-89,-84,999,987,damaged,damaged,-93.6,6.4,False
6pfrsq5e,3,2,0.001,495,161,3,2,neither,0.0,0.0,936,936,936,0,0,999,999,within_band,within_band,-93.6,6.4,False
6v98mwa5,3,4,0.001,105,231,1,1,neither,0.0,0.0,1,1,1,0,0,1000,1000,within_band,within_band,-0.1,99.9,False
6v98mwa5,3,4,0.001,105,231,1,2,neither,0.0,0.0,1,1,1,0,0,1000,1000,within_band,within_band,-0.1,99.9,False
6v98mwa5,3,4,0.001,105,231,1,3,neither,0.0,0.0,1,1,1,0,0,1000,1000,within_band,within_band,-0.1,99.9,False
6v98mwa5,3,4,0.001,105,231,1,4,neither,0.0,0.0,1,1,1,0,0,1000,1000,within_band,within_band,-0.1,99.9,False
6v98mwa5,3,4,0.001,105,231,2,1,neither,0.0,0.0,1,1,1,0,0,1000,1000,within_band,within_band,-0.1,99.9,False
6v98mwa5,3,4,0.001,105,231,2,2,neither,0.0,0.0,1,1,1,0,0,1000,1000,within_band,within_band,-0.1,99.9,False
6v98mwa5,3,4,0.001,105,231,2,3,neither,0.0,0.0,1,1,1,0,0,1000,1000,within_band,within_band,-0.1,99.9,False
6v98mwa5,3,4,0.001,105,231,2,4,neither,0.0,0.0,1,1,1,0,0,1000,1000,within_band,within_band,-0.1,99.9,False
6v98mwa5,3,4,0.001,105,231,3,1,neither,0.0,0.0,1,1,1,0,0,1000,1000,within_band,within_band,-0.1,99.9,False
6v98mwa5,3,4,0.001,105,231,3,2,neither,0.0,0.0,1,1,1,0,0,1000,1000,within_band,within_band,-0.1,99.9,False
6v98mwa5,3,4,0.001,105,231,3,3,neither,0.0,0.0,1,1,1,0,0,1000,1000,within_band,within_band,-0.1,99.9,False
6v98mwa5,3,4,0.001,105,231,3,4,neither,0.0,0.0,1,1,1,0,0,1000,1000,within_band,within_band,-0.1,99.9,False
6z363onf,3,4,0.01,105,161,1,1,neither,0.0,0.0,478,478,478,0,0,998,998,within_band,within_band,-47.8,52.2,False
6z363onf,3,4,0.01,105,161,1,2,neither,0.0,0.0,478,478,478,0,0,998,998,within_band,within_band,-47.8,52.2,False
6z363onf,3,4,0.01,105,161,1,3,neither,0.0,0.0,478,478,478,0,0,998,998,within_band,within_band,-47.8,52.2,False
6z363onf,3,4,0.01,105,161,1,4,neither,0.0,0.0,478,478,478,0,0,998,998,within_band,within_band,-47.8,52.2,False
6z363onf,3,4,0.01,105,161,2,1,neither,0.0,0.004,478,476,476,-2,-2,998,998,within_band,within_band,-47.8,52.2,False
6z363onf,3,4,0.01,105,161,2,2,neither,0.0,0.004,478,476,476,-2,-2,998,998,within_band,within_band,-47.8,52.2,False
6z363onf,3,4,0.01,105,161,2,3,neither,0.0,0.004,478,477,477,-1,-1,998,998,within_band,within_band,-47.8,52.2,False
6z363onf,3,4,0.01,105,161,2,4,neither,0.0,0.004,478,476,476,-2,-2,998,998,within_band,within_band,-47.8,52.2,False
6z363onf,3,4,0.01,105,161,3,1,neither,0.0,0.0,478,478,478,0,0,998,998,within_band,within_band,-47.8,52.2,False
6z363onf,3,4,0.01,105,161,3,2,neither,0.0,0.0,478,478,478,0,0,998,998,within_band,within_band,-47.8,52.2,False
6z363onf,3,4,0.01,105,161,3,3,neither,0.0,0.0,478,478,478,0,0,998,998,within_band,within_band,-47.8,52.2,False
6z363onf,3,4,0.01,105,161,3,4,neither,0.0,0.0,478,478,478,0,0,998,998,within_band,within_band,-47.8,52.2,False
7462ah0o,2,2,0.01,365,220,1,1,neither,0.0010000000474974,0.0,799,799,799,0,0,999,999,within_band,within_band,-79.9,20.1,False
7462ah0o,2,2,0.01,365,220,1,2,neither,0.0010000000474974,0.0,799,799,799,0,0,999,999,within_band,within_band,-79.9,20.1,False
7462ah0o,2,2,0.01,365,220,2,1,neither,0.0,0.0,799,799,799,0,0,999,999,within_band,within_band,-79.9,20.1,False
7462ah0o,2,2,0.01,365,220,2,2,sign-matching,1.0,0.0,799,909,909,110,110,999,997,improved,improved,-79.9,20.1,False
75r56wa2,2,2,0.0,92,161,1,1,neither,0.0189999993890523,0.0,722,725,728,3,6,999,999,within_band,within_band,-72.2,27.8,False
75r56wa2,2,2,0.0,92,161,1,2,neither,0.0179999992251396,0.004,722,712,718,-10,-4,999,999,within_band,within_band,-72.2,27.8,False
75r56wa2,2,2,0.0,92,161,2,1,neither,0.209999993443489,0.407,722,701,708,-21,-14,999,999,damaged,damaged,-72.2,27.8,False
75r56wa2,2,2,0.0,92,161,2,2,sign-matching,0.9980000257492064,0.0,722,791,788,69,66,999,999,improved,improved,-72.2,27.8,False
768fnsfd,3,4,0.01,109,231,1,1,neither,0.0,0.0,223,223,223,0,0,1000,1000,within_band,within_band,-22.3,77.7,False
768fnsfd,3,4,0.01,109,231,1,2,neither,0.0,0.0,223,223,223,0,0,1000,1000,within_band,within_band,-22.3,77.7,False
768fnsfd,3,4,0.01,109,231,1,3,neither,0.0,0.0,223,223,223,0,0,1000,1000,within_band,within_band,-22.3,77.7,False
768fnsfd,3,4,0.01,109,231,1,4,neither,0.0,0.0,223,223,223,0,0,1000,1000,within_band,within_band,-22.3,77.7,False
768fnsfd,3,4,0.01,109,231,2,1,neither,0.0,0.0,223,223,223,0,0,1000,1000,within_band,within_band,-22.3,77.7,False
768fnsfd,3,4,0.01,109,231,2,2,neither,0.0,0.0,223,223,223,0,0,1000,1000,within_band,within_band,-22.3,77.7,False
768fnsfd,3,4,0.01,109,231,2,3,neither,0.0,0.0,223,223,223,0,0,1000,1000,within_band,within_band,-22.3,77.7,False
768fnsfd,3,4,0.01,109,231,2,4,neither,0.0,0.0,223,223,223,0,0,1000,1000,within_band,within_band,-22.3,77.7,False
768fnsfd,3,4,0.01,109,231,3,1,neither,0.0,0.0,223,223,223,0,0,1000,1000,within_band,within_band,-22.3,77.7,False
768fnsfd,3,4,0.01,109,231,3,2,neither,0.0,0.0,223,223,223,0,0,1000,1000,within_band,within_band,-22.3,77.7,False
768fnsfd,3,4,0.01,109,231,3,3,neither,0.0,0.0,223,223,223,0,0,1000,1000,within_band,within_band,-22.3,77.7,False
768fnsfd,3,4,0.01,109,231,3,4,neither,0.0,0.0,223,223,223,0,0,1000,1000,within_band,within_band,-22.3,77.7,False
7bk9rh3h,1,2,0.001,495,231,1,1,neither,0.0,0.011,9,28,28,19,19,993,982,improved,improved,-0.9,99.1,False
7bk9rh3h,1,2,0.001,495,231,1,2,neither,0.0,0.0,9,9,9,0,0,993,993,within_band,within_band,-0.9,99.1,False
7c5f2auc,2,2,0.01,495,220,1,1,neither,0.0020000000949949,0.0,944,944,944,0,0,999,999,within_band,within_band,-94.4,5.6,False
7c5f2auc,2,2,0.01,495,220,1,2,neither,0.0020000000949949,0.0,944,944,944,0,0,999,999,within_band,within_band,-94.4,5.6,False
7c5f2auc,2,2,0.01,495,220,2,1,sign-matching,1.0,0.0,944,962,961,18,17,999,999,improved,improved,-94.4,5.6,False
7c5f2auc,2,2,0.01,495,220,2,2,neither,0.0,0.0,944,944,944,0,0,999,999,within_band,within_band,-94.4,5.6,False
7j5se6jn,3,2,0.001,365,220,1,1,neither,0.0,0.0,781,781,781,0,0,994,994,within_band,within_band,-78.1,21.9,False
7j5se6jn,3,2,0.001,365,220,1,2,neither,0.0,0.0,781,781,781,0,0,994,994,within_band,within_band,-78.1,21.9,False
7j5se6jn,3,2,0.001,365,220,2,1,neither,0.0,0.004,781,781,781,0,0,994,994,within_band,within_band,-78.1,21.9,False
7j5se6jn,3,2,0.001,365,220,2,2,neither,0.0,0.004,781,781,781,0,0,994,994,within_band,within_band,-78.1,21.9,False
7j5se6jn,3,2,0.001,365,220,3,1,neither,0.0,0.0,781,781,781,0,0,994,994,within_band,within_band,-78.1,21.9,False
7j5se6jn,3,2,0.001,365,220,3,2,sign-matching,0.8740000128746033,0.01,781,827,827,46,46,994,966,improved,improved,-78.1,21.9,False
7jnorors,2,4,0.0,365,220,1,1,neither,0.0,0.02,678,676,675,-2,-3,999,999,within_band,within_band,-67.8,32.2,False
7jnorors,2,4,0.0,365,220,1,2,neither,0.0020000000949949,0.028,678,669,668,-9,-10,999,999,within_band,within_band,-67.8,32.2,False
7jnorors,2,4,0.0,365,220,1,3,neither,0.0,0.001,678,668,670,-10,-8,999,999,within_band,within_band,-67.8,32.2,False
7jnorors,2,4,0.0,365,220,1,4,neither,0.0,0.027,678,664,664,-14,-14,999,999,damaged,damaged,-67.8,32.2,False
7jnorors,2,4,0.0,365,220,2,1,violation-detecting,0.0070000002160668,0.937,678,640,641,-38,-37,999,999,damaged,damaged,-67.8,32.2,False
7jnorors,2,4,0.0,365,220,2,2,violation-detecting,0.0040000001899898,0.881,678,644,647,-34,-31,999,999,damaged,damaged,-67.8,32.2,False
7jnorors,2,4,0.0,365,220,2,3,violation-detecting,0.0,0.932,678,630,630,-48,-48,999,999,damaged,damaged,-67.8,32.2,False
7jnorors,2,4,0.0,365,220,2,4,neither,0.3009999990463257,0.171,678,678,678,0,0,999,999,within_band,within_band,-67.8,32.2,False
7u9nx9am,2,4,0.001,495,231,1,1,neither,0.0610000006854534,0.0,815,816,816,1,1,999,999,within_band,within_band,-81.5,18.5,False
7u9nx9am,2,4,0.001,495,231,1,2,neither,0.0260000005364418,0.0,815,819,819,4,4,999,999,within_band,within_band,-81.5,18.5,False
7u9nx9am,2,4,0.001,495,231,1,3,neither,0.0240000002086162,0.0,815,819,819,4,4,999,999,within_band,within_band,-81.5,18.5,False
7u9nx9am,2,4,0.001,495,231,1,4,neither,0.032999999821186,0.0,815,818,818,3,3,999,999,within_band,within_band,-81.5,18.5,False
7u9nx9am,2,4,0.001,495,231,2,1,neither,0.2300000041723251,0.77,815,719,748,-96,-67,999,965,damaged,damaged,-81.5,18.5,False
7u9nx9am,2,4,0.001,495,231,2,2,neither,0.0,0.0,815,815,815,0,0,999,999,within_band,within_band,-81.5,18.5,False
7u9nx9am,2,4,0.001,495,231,2,3,neither,0.0,0.0,815,815,815,0,0,999,999,within_band,within_band,-81.5,18.5,False
7u9nx9am,2,4,0.001,495,231,2,4,neither,0.0,0.0,815,815,815,0,0,999,999,within_band,within_band,-81.5,18.5,False
7yeb2kk8,3,4,0.01,365,220,1,1,neither,0.0,0.0,769,769,769,0,0,988,988,within_band,within_band,-76.9,23.1,False
7yeb2kk8,3,4,0.01,365,220,1,2,neither,0.0,0.0,769,769,769,0,0,988,988,within_band,within_band,-76.9,23.1,False
7yeb2kk8,3,4,0.01,365,220,1,3,neither,0.0,0.0,769,769,769,0,0,988,988,within_band,within_band,-76.9,23.1,False
7yeb2kk8,3,4,0.01,365,220,1,4,neither,0.0,0.0,769,769,769,0,0,988,988,within_band,within_band,-76.9,23.1,False
7yeb2kk8,3,4,0.01,365,220,2,1,neither,0.0,0.0,769,769,769,0,0,988,988,within_band,within_band,-76.9,23.1,False
7yeb2kk8,3,4,0.01,365,220,2,2,neither,0.0,0.0,769,769,769,0,0,988,988,within_band,within_band,-76.9,23.1,False
7yeb2kk8,3,4,0.01,365,220,2,3,neither,0.0,0.0,769,769,769,0,0,988,988,within_band,within_band,-76.9,23.1,False
7yeb2kk8,3,4,0.01,365,220,2,4,neither,0.0,0.0,769,769,769,0,0,988,988,within_band,within_band,-76.9,23.1,False
7yeb2kk8,3,4,0.01,365,220,3,1,sign-matching,1.0,0.0,769,769,769,0,0,988,988,within_band,within_band,-76.9,23.1,False
7yeb2kk8,3,4,0.01,365,220,3,2,neither,0.0,0.0,769,769,769,0,0,988,988,within_band,within_band,-76.9,23.1,False
7yeb2kk8,3,4,0.01,365,220,3,3,neither,0.0,0.0,769,769,769,0,0,988,988,within_band,within_band,-76.9,23.1,False
7yeb2kk8,3,4,0.01,365,220,3,4,neither,0.0,0.0,769,769,769,0,0,988,988,within_band,within_band,-76.9,23.1,False
7ylxxg1m,1,4,0.001,365,220,1,1,neither,0.0,0.0,0,0,0,0,0,999,999,within_band,within_band,0.0,100.0,False
7ylxxg1m,1,4,0.001,365,220,1,2,neither,0.0,0.0,0,0,0,0,0,999,999,within_band,within_band,0.0,100.0,False
7ylxxg1m,1,4,0.001,365,220,1,3,neither,0.0,0.0,0,0,0,0,0,999,999,within_band,within_band,0.0,100.0,False
7ylxxg1m,1,4,0.001,365,220,1,4,neither,0.0,0.0,0,0,0,0,0,999,999,within_band,within_band,0.0,100.0,False
86v8r1m1,3,4,0.01,495,220,1,1,neither,0.0,0.0,367,367,367,0,0,998,998,within_band,within_band,-36.7,63.3,False
86v8r1m1,3,4,0.01,495,220,1,2,neither,0.0,0.0,367,367,367,0,0,998,998,within_band,within_band,-36.7,63.3,False
86v8r1m1,3,4,0.01,495,220,1,3,neither,0.0,0.0,367,367,367,0,0,998,998,within_band,within_band,-36.7,63.3,False
86v8r1m1,3,4,0.01,495,220,1,4,neither,0.0,0.0,367,367,367,0,0,998,998,within_band,within_band,-36.7,63.3,False
86v8r1m1,3,4,0.01,495,220,2,1,neither,0.0,0.0,367,367,367,0,0,998,998,within_band,within_band,-36.7,63.3,False
86v8r1m1,3,4,0.01,495,220,2,2,neither,0.0,0.0,367,367,367,0,0,998,998,within_band,within_band,-36.7,63.3,False
86v8r1m1,3,4,0.01,495,220,2,3,neither,0.0,0.0,367,367,367,0,0,998,998,within_band,within_band,-36.7,63.3,False
86v8r1m1,3,4,0.01,495,220,2,4,neither,0.0,0.0,367,367,367,0,0,998,998,within_band,within_band,-36.7,63.3,False
86v8r1m1,3,4,0.01,495,220,3,1,neither,0.0,0.0,367,367,367,0,0,998,998,within_band,within_band,-36.7,63.3,False
86v8r1m1,3,4,0.01,495,220,3,2,neither,0.0,0.0,367,367,367,0,0,998,998,within_band,within_band,-36.7,63.3,False
86v8r1m1,3,4,0.01,495,220,3,3,neither,0.0,0.0,367,367,367,0,0,998,998,within_band,within_band,-36.7,63.3,False
86v8r1m1,3,4,0.01,495,220,3,4,neither,0.0,0.0,367,367,367,0,0,998,998,within_band,within_band,-36.7,63.3,False
8a65u5l6,2,2,0.001,495,231,1,1,neither,0.0089999996125698,0.0,739,739,739,0,0,999,999,within_band,within_band,-73.9,26.1,False
8a65u5l6,2,2,0.001,495,231,1,2,neither,0.0099999997764825,0.0,739,739,739,0,0,999,999,within_band,within_band,-73.9,26.1,False
8a65u5l6,2,2,0.001,495,231,2,1,sign-matching,0.9890000224113464,0.011,739,827,821,88,82,999,982,improved,improved,-73.9,26.1,False
8a65u5l6,2,2,0.001,495,231,2,2,neither,0.0,0.0,739,739,739,0,0,999,999,within_band,within_band,-73.9,26.1,False
8dr77y3h,2,2,0.001,92,220,1,1,neither,0.0070000002160668,0.0,848,850,850,2,2,999,999,within_band,within_band,-84.8,15.2,False
8dr77y3h,2,2,0.001,92,220,1,2,neither,0.0070000002160668,0.0,848,850,850,2,2,999,999,within_band,within_band,-84.8,15.2,False
8dr77y3h,2,2,0.001,92,220,2,1,neither,0.3389999866485595,0.661,848,809,817,-39,-31,999,976,damaged,damaged,-84.8,15.2,False
8dr77y3h,2,2,0.001,92,220,2,2,neither,0.0,0.0,848,848,848,0,0,999,999,within_band,within_band,-84.8,15.2,False
8ihgvt2l,1,2,0.001,365,161,1,1,neither,0.0,0.006,0,0,0,0,0,999,999,within_band,within_band,0.0,100.0,False
8ihgvt2l,1,2,0.001,365,161,1,2,neither,0.0,0.0,0,0,0,0,0,999,999,within_band,within_band,0.0,100.0,False
8n3bq8n7,3,4,0.0,109,231,1,1,neither,0.0240000002086162,0.0,204,202,205,-2,1,1000,1000,within_band,within_band,-20.4,79.6,False
8n3bq8n7,3,4,0.0,109,231,1,2,neither,0.0230000000447034,0.0,204,210,215,6,11,1000,1000,within_band,improved,-20.4,79.6,False
8n3bq8n7,3,4,0.0,109,231,1,3,neither,0.0289999991655349,0.0,204,211,211,7,7,1000,1000,within_band,within_band,-20.4,79.6,False
8n3bq8n7,3,4,0.0,109,231,1,4,neither,0.0149999996647238,0.007,204,194,200,-10,-4,1000,1000,within_band,within_band,-20.4,79.6,False
8n3bq8n7,3,4,0.0,109,231,2,1,neither,0.0379999987781047,0.06,204,204,204,0,0,1000,1000,within_band,within_band,-20.4,79.6,False
8n3bq8n7,3,4,0.0,109,231,2,2,neither,0.3190000057220459,0.005,204,207,207,3,3,1000,1000,within_band,within_band,-20.4,79.6,False
8n3bq8n7,3,4,0.0,109,231,2,3,neither,0.0089999996125698,0.064,204,169,174,-35,-30,1000,1000,damaged,damaged,-20.4,79.6,False
8n3bq8n7,3,4,0.0,109,231,2,4,violation-detecting,0.0350000001490116,0.928,204,204,205,0,1,1000,1000,within_band,within_band,-20.4,79.6,False
8n3bq8n7,3,4,0.0,109,231,3,1,neither,0.4079999923706054,0.196,204,250,247,46,43,1000,1000,improved,improved,-20.4,79.6,False
8n3bq8n7,3,4,0.0,109,231,3,2,neither,0.3650000095367431,0.209,204,250,249,46,45,1000,1000,improved,improved,-20.4,79.6,False
8n3bq8n7,3,4,0.0,109,231,3,3,neither,0.4189999997615814,0.316,204,212,213,8,9,1000,1000,within_band,within_band,-20.4,79.6,False
8n3bq8n7,3,4,0.0,109,231,3,4,neither,0.4449999928474426,0.429,204,221,223,17,19,1000,1000,improved,improved,-20.4,79.6,False
8zhn2ire,1,2,0.01,495,220,1,1,neither,0.0,0.0,0,0,0,0,0,1000,1000,within_band,within_band,0.0,100.0,False
8zhn2ire,1,2,0.01,495,220,1,2,neither,0.0,0.0,0,0,0,0,0,1000,1000,within_band,within_band,0.0,100.0,False
90mhqwro,3,2,0.001,92,161,1,1,neither,0.0,0.0,230,230,230,0,0,999,999,within_band,within_band,-23.0,77.0,False
90mhqwro,3,2,0.001,92,161,1,2,neither,0.0,0.0,230,230,230,0,0,999,999,within_band,within_band,-23.0,77.0,False
90mhqwro,3,2,0.001,92,161,2,1,neither,0.0049999998882412,0.0,230,230,230,0,0,999,999,within_band,within_band,-23.0,77.0,False
90mhqwro,3,2,0.001,92,161,2,2,neither,0.0049999998882412,0.0,230,230,230,0,0,999,999,within_band,within_band,-23.0,77.0,False
90mhqwro,3,2,0.001,92,161,3,1,neither,0.0,0.0,230,230,230,0,0,999,999,within_band,within_band,-23.0,77.0,False
90mhqwro,3,2,0.001,92,161,3,2,neither,0.0,0.0,230,230,230,0,0,999,999,within_band,within_band,-23.0,77.0,False
91yzhosm,2,2,0.0,105,231,1,1,neither,0.0,0.006,638,653,651,15,13,1000,1000,improved,improved,-63.8,36.2,False
91yzhosm,2,2,0.0,105,231,1,2,neither,0.0120000001043081,0.011,638,670,665,32,27,1000,1000,improved,improved,-63.8,36.2,False
91yzhosm,2,2,0.0,105,231,2,1,violation-detecting,0.0,0.976,638,486,509,-152,-129,1000,1000,damaged,damaged,-63.8,36.2,False
91yzhosm,2,2,0.0,105,231,2,2,neither,0.0049999998882412,0.712,638,588,587,-50,-51,1000,1000,damaged,damaged,-63.8,36.2,False
93q8wi7a,1,4,0.001,92,220,1,1,neither,0.0130000002682209,0.0,0,0,0,0,0,999,999,within_band,within_band,0.0,100.0,False
93q8wi7a,1,4,0.001,92,220,1,2,neither,0.0,0.0,0,0,0,0,0,999,999,within_band,within_band,0.0,100.0,False
93q8wi7a,1,4,0.001,92,220,1,3,neither,0.0,0.0,0,0,0,0,0,999,999,within_band,within_band,0.0,100.0,False
93q8wi7a,1,4,0.001,92,220,1,4,neither,0.0,0.0,0,0,0,0,0,999,999,within_band,within_band,0.0,100.0,False
9ozgikjp,1,4,0.001,365,231,1,1,neither,0.0469999983906745,0.0,0,0,0,0,0,999,999,within_band,within_band,0.0,100.0,False
9ozgikjp,1,4,0.001,365,231,1,2,neither,0.0460000000894069,0.0,0,0,0,0,0,999,999,within_band,within_band,0.0,100.0,False
9ozgikjp,1,4,0.001,365,231,1,3,neither,0.0,0.0,0,0,0,0,0,999,999,within_band,within_band,0.0,100.0,False
9ozgikjp,1,4,0.001,365,231,1,4,neither,0.0,0.0,0,0,0,0,0,999,999,within_band,within_band,0.0,100.0,False
a86vffjw,2,2,0.0,92,231,1,1,neither,0.0170000009238719,0.002,982,981,981,-1,-1,999,999,within_band,within_band,-98.2,1.8,False
a86vffjw,2,2,0.0,92,231,1,2,neither,0.0109999999403953,0.002,982,982,983,0,1,999,999,within_band,within_band,-98.2,1.8,False
a86vffjw,2,2,0.0,92,231,2,1,violation-detecting,0.0,1.0,982,753,759,-229,-223,999,999,damaged,damaged,-98.2,1.8,False
a86vffjw,2,2,0.0,92,231,2,2,violation-detecting,0.0,1.0,982,841,851,-141,-131,999,999,damaged,damaged,-98.2,1.8,False
a9g0io1r,2,4,0.001,92,220,1,1,neither,0.0,0.008,830,830,830,0,0,996,996,within_band,within_band,-83.0,17.0,False
a9g0io1r,2,4,0.001,92,220,1,2,neither,0.0,0.008,830,830,830,0,0,996,996,within_band,within_band,-83.0,17.0,False
a9g0io1r,2,4,0.001,92,220,1,3,neither,0.0140000004321336,0.004,830,830,830,0,0,996,996,within_band,within_band,-83.0,17.0,False
a9g0io1r,2,4,0.001,92,220,1,4,neither,0.0,0.009,830,830,830,0,0,996,996,within_band,within_band,-83.0,17.0,False
a9g0io1r,2,4,0.001,92,220,2,1,sign-matching,0.9169999957084656,0.0,830,851,847,21,17,996,996,improved,improved,-83.0,17.0,False
a9g0io1r,2,4,0.001,92,220,2,2,neither,0.0,0.0,830,830,830,0,0,996,996,within_band,within_band,-83.0,17.0,False
a9g0io1r,2,4,0.001,92,220,2,3,neither,0.0,0.0,830,830,830,0,0,996,996,within_band,within_band,-83.0,17.0,False
a9g0io1r,2,4,0.001,92,220,2,4,sign-matching,0.8180000185966492,0.0,830,923,922,93,92,996,984,improved,improved,-83.0,17.0,False
a9rps1sz,3,2,0.0,495,220,1,1,neither,0.0,0.023,969,937,941,-32,-28,1000,1000,damaged,damaged,-96.9,3.1,False
a9rps1sz,3,2,0.0,495,220,1,2,neither,0.0,0.024,969,925,926,-44,-43,1000,1000,damaged,damaged,-96.9,3.1,False
a9rps1sz,3,2,0.0,495,220,2,1,neither,0.0170000009238719,0.09,969,949,956,-20,-13,1000,1000,damaged,damaged,-96.9,3.1,False
a9rps1sz,3,2,0.0,495,220,2,2,neither,0.0160000007599592,0.055,969,947,954,-22,-15,1000,1000,damaged,damaged,-96.9,3.1,False
a9rps1sz,3,2,0.0,495,220,3,1,neither,0.0,0.09,969,962,962,-7,-7,1000,1000,within_band,within_band,-96.9,3.1,False
a9rps1sz,3,2,0.0,495,220,3,2,neither,0.0,0.14,969,862,864,-107,-105,1000,1000,damaged,damaged,-96.9,3.1,False
agial5is,2,4,0.001,495,161,1,1,neither,0.0160000007599592,0.0,761,761,761,0,0,999,999,within_band,within_band,-76.1,23.9,False
agial5is,2,4,0.001,495,161,1,2,neither,0.0070000002160668,0.0,761,761,761,0,0,999,999,within_band,within_band,-76.1,23.9,False
agial5is,2,4,0.001,495,161,1,3,neither,0.0170000009238719,0.0,761,761,761,0,0,999,999,within_band,within_band,-76.1,23.9,False
agial5is,2,4,0.001,495,161,1,4,neither,0.0,0.009,761,761,761,0,0,999,999,within_band,within_band,-76.1,23.9,False
agial5is,2,4,0.001,495,161,2,1,neither,0.4659999907016754,0.534,761,734,742,-27,-19,999,980,damaged,damaged,-76.1,23.9,False
agial5is,2,4,0.001,495,161,2,2,neither,0.0,0.0,761,761,761,0,0,999,999,within_band,within_band,-76.1,23.9,False
agial5is,2,4,0.001,495,161,2,3,neither,0.0,0.0,761,761,761,0,0,999,999,within_band,within_band,-76.1,23.9,False
agial5is,2,4,0.001,495,161,2,4,neither,0.0,0.0,761,761,761,0,0,999,999,within_band,within_band,-76.1,23.9,False
al0zr865,2,2,0.01,365,231,1,1,neither,0.0,0.0,874,874,874,0,0,999,999,within_band,within_band,-87.4,12.6,False
al0zr865,2,2,0.01,365,231,1,2,neither,0.0,0.0,874,874,874,0,0,999,999,within_band,within_band,-87.4,12.6,False
al0zr865,2,2,0.01,365,231,2,1,sign-matching,1.0,0.0,874,952,951,78,77,999,992,improved,improved,-87.4,12.6,False
al0zr865,2,2,0.01,365,231,2,2,neither,0.0,0.0,874,874,874,0,0,999,999,within_band,within_band,-87.4,12.6,False
apdm45as,3,2,0.01,495,220,1,1,neither,0.0,0.0,233,233,233,0,0,999,999,within_band,within_band,-23.3,76.7,False
apdm45as,3,2,0.01,495,220,1,2,neither,0.0,0.0,233,233,233,0,0,999,999,within_band,within_band,-23.3,76.7,False
apdm45as,3,2,0.01,495,220,2,1,neither,0.0,0.0,233,233,233,0,0,999,999,within_band,within_band,-23.3,76.7,False
apdm45as,3,2,0.01,495,220,2,2,neither,0.0,0.0,233,233,233,0,0,999,999,within_band,within_band,-23.3,76.7,False
apdm45as,3,2,0.01,495,220,3,1,neither,0.0,0.0,233,233,233,0,0,999,999,within_band,within_band,-23.3,76.7,False
apdm45as,3,2,0.01,495,220,3,2,neither,0.0,0.0,233,233,233,0,0,999,999,within_band,within_band,-23.3,76.7,False
arfiemsi,3,2,0.0,92,161,1,1,neither,0.0399999991059303,0.0,973,973,974,0,1,999,999,within_band,within_band,-97.3,2.7,False
arfiemsi,3,2,0.0,92,161,1,2,neither,0.0209999997168779,0.005,973,971,971,-2,-2,999,999,within_band,within_band,-97.3,2.7,False
arfiemsi,3,2,0.0,92,161,2,1,neither,0.0,0.149,973,972,972,-1,-1,999,999,within_band,within_band,-97.3,2.7,False
arfiemsi,3,2,0.0,92,161,2,2,neither,0.0,0.224,973,972,972,-1,-1,999,999,within_band,within_band,-97.3,2.7,False
arfiemsi,3,2,0.0,92,161,3,1,neither,0.0390000008046627,0.306,973,932,933,-41,-40,999,999,damaged,damaged,-97.3,2.7,False
arfiemsi,3,2,0.0,92,161,3,2,neither,0.0610000006854534,0.339,973,956,959,-17,-14,999,999,damaged,damaged,-97.3,2.7,False
azc37rul,2,2,0.001,109,220,1,1,neither,0.0,0.002,814,801,801,-13,-13,999,999,damaged,damaged,-81.4,18.6,False
azc37rul,2,2,0.001,109,220,1,2,neither,0.0,0.0,814,804,804,-10,-10,999,999,within_band,within_band,-81.4,18.6,False
azc37rul,2,2,0.001,109,220,2,1,neither,0.0,0.0,814,814,814,0,0,999,999,within_band,within_band,-81.4,18.6,False
azc37rul,2,2,0.001,109,220,2,2,neither,0.5740000009536743,0.426,814,803,813,-11,-1,999,990,damaged,within_band,-81.4,18.6,False
b5d5gn34,2,4,0.01,495,220,1,1,neither,0.0,0.0,859,859,859,0,0,999,999,within_band,within_band,-85.9,14.1,False
b5d5gn34,2,4,0.01,495,220,1,2,neither,0.0,0.0,859,859,859,0,0,999,999,within_band,within_band,-85.9,14.1,False
b5d5gn34,2,4,0.01,495,220,1,3,neither,0.0,0.0,859,859,859,0,0,999,999,within_band,within_band,-85.9,14.1,False
b5d5gn34,2,4,0.01,495,220,1,4,neither,0.0,0.0,859,859,859,0,0,999,999,within_band,within_band,-85.9,14.1,False
b5d5gn34,2,4,0.01,495,220,2,1,sign-matching,0.9940000176429749,0.001,859,935,935,76,76,999,999,improved,improved,-85.9,14.1,False
b5d5gn34,2,4,0.01,495,220,2,2,neither,0.0,0.0,859,859,859,0,0,999,999,within_band,within_band,-85.9,14.1,False
b5d5gn34,2,4,0.01,495,220,2,3,neither,0.0,0.0,859,859,859,0,0,999,999,within_band,within_band,-85.9,14.1,False
b5d5gn34,2,4,0.01,495,220,2,4,neither,0.0,0.0,859,859,859,0,0,999,999,within_band,within_band,-85.9,14.1,False
b8fq6o8x,3,2,0.0,109,220,1,1,neither,0.0130000002682209,0.002,799,784,784,-15,-15,999,999,damaged,damaged,-79.9,20.1,False
b8fq6o8x,3,2,0.0,109,220,1,2,neither,0.0130000002682209,0.004,799,791,790,-8,-9,999,999,within_band,within_band,-79.9,20.1,False
b8fq6o8x,3,2,0.0,109,220,2,1,violation-detecting,0.0010000000474974,0.829,799,794,784,-5,-15,999,997,within_band,damaged,-79.9,20.1,False
b8fq6o8x,3,2,0.0,109,220,2,2,violation-detecting,0.0010000000474974,0.89,799,768,761,-31,-38,999,976,damaged,damaged,-79.9,20.1,False
b8fq6o8x,3,2,0.0,109,220,3,1,neither,0.25,0.565,799,785,785,-14,-14,999,999,damaged,damaged,-79.9,20.1,False
b8fq6o8x,3,2,0.0,109,220,3,2,neither,0.2899999916553497,0.555,799,781,781,-18,-18,999,999,damaged,damaged,-79.9,20.1,False
blsr6i4l,1,4,0.01,92,231,1,1,neither,0.0,0.0,0,0,0,0,0,1000,1000,within_band,within_band,0.0,100.0,False
blsr6i4l,1,4,0.01,92,231,1,2,neither,0.0010000000474974,0.0,0,0,0,0,0,1000,1000,within_band,within_band,0.0,100.0,False
blsr6i4l,1,4,0.01,92,231,1,3,neither,0.0,0.0,0,0,0,0,0,1000,1000,within_band,within_band,0.0,100.0,False
blsr6i4l,1,4,0.01,92,231,1,4,neither,0.0,0.0,0,0,0,0,0,1000,1000,within_band,within_band,0.0,100.0,False
bpeprx1a,3,4,0.0,105,220,1,1,neither,0.025000000372529,0.0,865,853,856,-12,-9,999,999,damaged,within_band,-86.5,13.5,False
bpeprx1a,3,4,0.0,105,220,1,2,neither,0.0280000008642673,0.0,865,831,833,-34,-32,999,999,damaged,damaged,-86.5,13.5,False
bpeprx1a,3,4,0.0,105,220,1,3,neither,0.0450000017881393,0.0,865,861,861,-4,-4,999,999,within_band,within_band,-86.5,13.5,False
bpeprx1a,3,4,0.0,105,220,1,4,neither,0.0179999992251396,0.0,865,861,863,-4,-2,999,999,within_band,within_band,-86.5,13.5,False
bpeprx1a,3,4,0.0,105,220,2,1,neither,0.06700000166893,0.006,865,864,864,-1,-1,999,999,within_band,within_band,-86.5,13.5,False
bpeprx1a,3,4,0.0,105,220,2,2,neither,0.025000000372529,0.008,865,862,862,-3,-3,999,999,within_band,within_band,-86.5,13.5,False
bpeprx1a,3,4,0.0,105,220,2,3,neither,0.0010000000474974,0.018,865,866,866,1,1,999,999,within_band,within_band,-86.5,13.5,False
bpeprx1a,3,4,0.0,105,220,2,4,neither,0.0359999984502792,0.0,865,866,866,1,1,999,999,within_band,within_band,-86.5,13.5,False
bpeprx1a,3,4,0.0,105,220,3,1,neither,0.0,0.249,865,829,825,-36,-40,999,999,damaged,damaged,-86.5,13.5,False
bpeprx1a,3,4,0.0,105,220,3,2,neither,0.0,0.312,865,846,846,-19,-19,999,999,damaged,damaged,-86.5,13.5,False
bpeprx1a,3,4,0.0,105,220,3,3,neither,0.0,0.409,865,846,847,-19,-18,999,999,damaged,damaged,-86.5,13.5,False
bpeprx1a,3,4,0.0,105,220,3,4,neither,0.0,0.268,865,836,835,-29,-30,999,999,damaged,damaged,-86.5,13.5,False
bwzwa2ri,3,2,0.001,105,231,1,1,neither,0.0,0.0,11,11,11,0,0,999,999,within_band,within_band,-1.1,98.9,False
bwzwa2ri,3,2,0.001,105,231,1,2,neither,0.0,0.0,11,11,11,0,0,999,999,within_band,within_band,-1.1,98.9,False
bwzwa2ri,3,2,0.001,105,231,2,1,neither,0.0,0.006,11,11,11,0,0,999,999,within_band,within_band,-1.1,98.9,False
bwzwa2ri,3,2,0.001,105,231,2,2,neither,0.0,0.009,11,11,11,0,0,999,999,within_band,within_band,-1.1,98.9,False
bwzwa2ri,3,2,0.001,105,231,3,1,neither,0.0,0.0,11,11,11,0,0,999,999,within_band,within_band,-1.1,98.9,False
bwzwa2ri,3,2,0.001,105,231,3,2,neither,0.0,0.0,11,11,11,0,0,999,999,within_band,within_band,-1.1,98.9,False
bz9neuts,1,2,0.001,92,220,1,1,neither,0.0,0.01,0,0,0,0,0,999,999,within_band,within_band,0.0,100.0,False
bz9neuts,1,2,0.001,92,220,1,2,neither,0.0,0.0,0,0,0,0,0,999,999,within_band,within_band,0.0,100.0,False
c0ypylka,2,4,0.01,365,220,1,1,neither,0.0040000001899898,0.0,768,769,769,1,1,998,998,within_band,within_band,-76.8,23.2,False
c0ypylka,2,4,0.01,365,220,1,2,neither,0.0040000001899898,0.0,768,768,768,0,0,998,998,within_band,within_band,-76.8,23.2,False
c0ypylka,2,4,0.01,365,220,1,3,neither,0.0040000001899898,0.0,768,768,768,0,0,998,998,within_band,within_band,-76.8,23.2,False
c0ypylka,2,4,0.01,365,220,1,4,neither,0.0040000001899898,0.0,768,770,770,2,2,998,998,within_band,within_band,-76.8,23.2,False
c0ypylka,2,4,0.01,365,220,2,1,neither,0.0,0.0,768,768,768,0,0,998,998,within_band,within_band,-76.8,23.2,False
c0ypylka,2,4,0.01,365,220,2,2,sign-matching,0.9710000157356262,0.029,768,853,850,85,82,998,987,improved,improved,-76.8,23.2,False
c0ypylka,2,4,0.01,365,220,2,3,neither,0.0,0.0,768,768,768,0,0,998,998,within_band,within_band,-76.8,23.2,False
c0ypylka,2,4,0.01,365,220,2,4,neither,0.0,0.0,768,768,768,0,0,998,998,within_band,within_band,-76.8,23.2,False
c59i4zqy,1,4,0.001,109,161,1,1,neither,0.0,0.0,0,0,0,0,0,999,999,within_band,within_band,0.0,100.0,False
c59i4zqy,1,4,0.001,109,161,1,2,neither,0.0,0.001,0,0,0,0,0,999,999,within_band,within_band,0.0,100.0,False
c59i4zqy,1,4,0.001,109,161,1,3,neither,0.0,0.0,0,0,0,0,0,999,999,within_band,within_band,0.0,100.0,False
c59i4zqy,1,4,0.001,109,161,1,4,neither,0.0,0.0,0,0,0,0,0,999,999,within_band,within_band,0.0,100.0,False
c7dhentq,3,4,0.001,109,220,1,1,neither,0.0,0.0,216,216,216,0,0,1000,1000,within_band,within_band,-21.6,78.4,False
c7dhentq,3,4,0.001,109,220,1,2,neither,0.0,0.0,216,216,216,0,0,1000,1000,within_band,within_band,-21.6,78.4,False
c7dhentq,3,4,0.001,109,220,1,3,neither,0.0,0.0,216,216,216,0,0,1000,1000,within_band,within_band,-21.6,78.4,False
c7dhentq,3,4,0.001,109,220,1,4,neither,0.0,0.0,216,216,216,0,0,1000,1000,within_band,within_band,-21.6,78.4,False
c7dhentq,3,4,0.001,109,220,2,1,neither,0.0,0.0,216,216,216,0,0,1000,1000,within_band,within_band,-21.6,78.4,False
c7dhentq,3,4,0.001,109,220,2,2,neither,0.0,0.0,216,216,216,0,0,1000,1000,within_band,within_band,-21.6,78.4,False
c7dhentq,3,4,0.001,109,220,2,3,neither,0.0,0.0,216,216,216,0,0,1000,1000,within_band,within_band,-21.6,78.4,False
c7dhentq,3,4,0.001,109,220,2,4,neither,0.0,0.0,216,216,216,0,0,1000,1000,within_band,within_band,-21.6,78.4,False
c7dhentq,3,4,0.001,109,220,3,1,neither,0.0,0.0,216,216,216,0,0,1000,1000,within_band,within_band,-21.6,78.4,False
c7dhentq,3,4,0.001,109,220,3,2,neither,0.0,0.0,216,216,216,0,0,1000,1000,within_band,within_band,-21.6,78.4,False
c7dhentq,3,4,0.001,109,220,3,3,neither,0.0,0.0,216,216,216,0,0,1000,1000,within_band,within_band,-21.6,78.4,False
c7dhentq,3,4,0.001,109,220,3,4,neither,0.0,0.0,216,216,216,0,0,1000,1000,within_band,within_band,-21.6,78.4,False
ca3jigah,2,4,0.0,495,220,1,1,neither,0.0120000001043081,0.0,482,438,440,-44,-42,1000,1000,damaged,damaged,-48.2,51.8,False
ca3jigah,2,4,0.0,495,220,1,2,neither,0.0070000002160668,0.0,482,436,439,-46,-43,1000,1000,damaged,damaged,-48.2,51.8,False
ca3jigah,2,4,0.0,495,220,1,3,neither,0.0070000002160668,0.0,482,456,455,-26,-27,1000,1000,damaged,damaged,-48.2,51.8,False
ca3jigah,2,4,0.0,495,220,1,4,neither,0.006000000052154,0.0,482,441,442,-41,-40,1000,1000,damaged,damaged,-48.2,51.8,False
ca3jigah,2,4,0.0,495,220,2,1,neither,0.2639999985694885,0.01,482,483,484,1,2,1000,1000,within_band,within_band,-48.2,51.8,False
ca3jigah,2,4,0.0,495,220,2,2,neither,0.0320000015199184,0.014,482,489,490,7,8,1000,1000,within_band,within_band,-48.2,51.8,False
ca3jigah,2,4,0.0,495,220,2,3,neither,0.0949999988079071,0.012,482,502,502,20,20,1000,1000,improved,improved,-48.2,51.8,False
ca3jigah,2,4,0.0,495,220,2,4,neither,0.1040000021457672,0.0,482,493,493,11,11,1000,1000,improved,improved,-48.2,51.8,False
cdsu8ahy,3,2,0.01,365,220,1,1,neither,0.0,0.0,700,700,700,0,0,999,999,within_band,within_band,-70.0,30.0,False
cdsu8ahy,3,2,0.01,365,220,1,2,neither,0.0,0.0,700,700,700,0,0,999,999,within_band,within_band,-70.0,30.0,False
cdsu8ahy,3,2,0.01,365,220,2,1,neither,0.0189999993890523,0.0,700,700,700,0,0,999,999,within_band,within_band,-70.0,30.0,False
cdsu8ahy,3,2,0.01,365,220,2,2,neither,0.0170000009238719,0.0,700,700,700,0,0,999,999,within_band,within_band,-70.0,30.0,False
cdsu8ahy,3,2,0.01,365,220,3,1,neither,0.0,0.0,700,700,700,0,0,999,999,within_band,within_band,-70.0,30.0,False
cdsu8ahy,3,2,0.01,365,220,3,2,neither,0.0,0.0,700,700,700,0,0,999,999,within_band,within_band,-70.0,30.0,False
cgujbsul,2,2,0.001,365,231,1,1,neither,0.0170000009238719,0.0,821,821,821,0,0,999,999,within_band,within_band,-82.1,17.9,False
cgujbsul,2,2,0.001,365,231,1,2,neither,0.0149999996647238,0.0,821,821,821,0,0,999,999,within_band,within_band,-82.1,17.9,False
cgujbsul,2,2,0.001,365,231,2,1,neither,0.0,0.0,821,821,821,0,0,999,999,within_band,within_band,-82.1,17.9,False
cgujbsul,2,2,0.001,365,231,2,2,neither,0.753000020980835,0.247,821,846,853,25,32,999,980,improved,improved,-82.1,17.9,False
chw1zyll,3,2,0.0,105,231,1,1,neither,0.0089999996125698,0.0,471,470,470,-1,-1,1000,1000,within_band,within_band,-47.1,52.9,False
chw1zyll,3,2,0.0,105,231,1,2,neither,0.0219999998807907,0.0,471,471,470,0,-1,1000,1000,within_band,within_band,-47.1,52.9,False
chw1zyll,3,2,0.0,105,231,2,1,neither,0.0010000000474974,0.001,471,500,504,29,33,1000,1000,improved,improved,-47.1,52.9,False
chw1zyll,3,2,0.0,105,231,2,2,neither,0.0,0.02,471,495,493,24,22,1000,1000,improved,improved,-47.1,52.9,False
chw1zyll,3,2,0.0,105,231,3,1,neither,0.0,0.352,471,485,492,14,21,1000,1000,improved,improved,-47.1,52.9,False
chw1zyll,3,2,0.0,105,231,3,2,neither,0.0,0.444,471,453,453,-18,-18,1000,1000,damaged,damaged,-47.1,52.9,False
cl58du42,1,2,0.0,105,161,1,1,neither,0.0109999999403953,0.008,197,184,213,-13,16,1000,1000,damaged,improved,-19.7,80.3,False
cl58du42,1,2,0.0,105,161,1,2,neither,0.0,0.029,197,0,0,-197,-197,1000,1000,damaged,damaged,-19.7,80.3,False
cojliiss,2,2,0.01,495,231,1,1,neither,0.0010000000474974,0.0,966,966,966,0,0,991,991,within_band,within_band,-96.6,3.4,False
cojliiss,2,2,0.01,495,231,1,2,neither,0.0010000000474974,0.0,966,966,966,0,0,991,991,within_band,within_band,-96.6,3.4,False
cojliiss,2,2,0.01,495,231,2,1,neither,0.0,0.0,966,966,966,0,0,991,991,within_band,within_band,-96.6,3.4,False
cojliiss,2,2,0.01,495,231,2,2,neither,0.0,0.0,966,966,966,0,0,991,991,within_band,within_band,-96.6,3.4,False
cqldm784,1,4,0.001,495,161,1,1,neither,0.0,0.0,0,0,0,0,0,1000,1000,within_band,within_band,0.0,100.0,False
cqldm784,1,4,0.001,495,161,1,2,neither,0.0,0.004,0,0,0,0,0,1000,1000,within_band,within_band,0.0,100.0,False
cqldm784,1,4,0.001,495,161,1,3,neither,0.0,0.0,0,0,0,0,0,1000,1000,within_band,within_band,0.0,100.0,False
cqldm784,1,4,0.001,495,161,1,4,neither,0.0,0.005,0,0,0,0,0,1000,1000,within_band,within_band,0.0,100.0,False
cv711ni1,2,4,0.0,495,231,1,1,neither,0.0199999995529651,0.004,819,819,819,0,0,999,999,within_band,within_band,-81.9,18.1,False
cv711ni1,2,4,0.0,495,231,1,2,neither,0.0340000018477439,0.0,819,825,822,6,3,999,999,within_band,within_band,-81.9,18.1,False
cv711ni1,2,4,0.0,495,231,1,3,neither,0.0199999995529651,0.001,819,821,822,2,3,999,999,within_band,within_band,-81.9,18.1,False
cv711ni1,2,4,0.0,495,231,1,4,neither,0.0120000001043081,0.0,819,821,818,2,-1,999,999,within_band,within_band,-81.9,18.1,False
cv711ni1,2,4,0.0,495,231,2,1,neither,0.1840000003576278,0.462,819,796,801,-23,-18,999,999,damaged,damaged,-81.9,18.1,False
cv711ni1,2,4,0.0,495,231,2,2,neither,0.0049999998882412,0.707,819,805,806,-14,-13,999,999,damaged,damaged,-81.9,18.1,False
cv711ni1,2,4,0.0,495,231,2,3,neither,0.0,0.697,819,779,782,-40,-37,999,999,damaged,damaged,-81.9,18.1,False
cv711ni1,2,4,0.0,495,231,2,4,neither,0.0109999999403953,0.668,819,802,804,-17,-15,999,999,damaged,damaged,-81.9,18.1,False
cwqji22i,1,2,0.0,495,220,1,1,neither,0.0199999995529651,0.002,553,556,568,3,15,1000,1000,within_band,improved,-55.3,44.7,False
cwqji22i,1,2,0.0,495,220,1,2,neither,0.0,0.032,553,0,0,-553,-553,1000,1000,damaged,damaged,-55.3,44.7,False
czdnaqqk,2,2,0.01,92,220,1,1,neither,0.0,0.0,881,881,881,0,0,999,999,within_band,within_band,-88.1,11.9,False
czdnaqqk,2,2,0.01,92,220,1,2,neither,0.0,0.0,881,881,881,0,0,999,999,within_band,within_band,-88.1,11.9,False
czdnaqqk,2,2,0.01,92,220,2,1,sign-matching,0.9139999747276306,0.086,881,905,905,24,24,999,999,improved,improved,-88.1,11.9,False
czdnaqqk,2,2,0.01,92,220,2,2,neither,0.0,0.0,881,881,881,0,0,999,999,within_band,within_band,-88.1,11.9,False
d2yrcsa1,3,4,0.001,105,220,1,1,neither,0.0,0.0,196,196,196,0,0,1000,1000,within_band,within_band,-19.6,80.4,False
d2yrcsa1,3,4,0.001,105,220,1,2,neither,0.0,0.0,196,196,196,0,0,1000,1000,within_band,within_band,-19.6,80.4,False
d2yrcsa1,3,4,0.001,105,220,1,3,neither,0.0,0.0,196,196,196,0,0,1000,1000,within_band,within_band,-19.6,80.4,False
d2yrcsa1,3,4,0.001,105,220,1,4,neither,0.0,0.0,196,196,196,0,0,1000,1000,within_band,within_band,-19.6,80.4,False
d2yrcsa1,3,4,0.001,105,220,2,1,neither,0.0,0.0,196,196,196,0,0,1000,1000,within_band,within_band,-19.6,80.4,False
d2yrcsa1,3,4,0.001,105,220,2,2,neither,0.0109999999403953,0.0,196,196,196,0,0,1000,1000,within_band,within_band,-19.6,80.4,False
d2yrcsa1,3,4,0.001,105,220,2,3,neither,0.0189999993890523,0.0,196,195,195,-1,-1,1000,1000,within_band,within_band,-19.6,80.4,False
d2yrcsa1,3,4,0.001,105,220,2,4,neither,0.0179999992251396,0.0,196,195,195,-1,-1,1000,1000,within_band,within_band,-19.6,80.4,False
d2yrcsa1,3,4,0.001,105,220,3,1,neither,0.0,0.0,196,196,196,0,0,1000,1000,within_band,within_band,-19.6,80.4,False
d2yrcsa1,3,4,0.001,105,220,3,2,neither,0.0,0.0,196,196,196,0,0,1000,1000,within_band,within_band,-19.6,80.4,False
d2yrcsa1,3,4,0.001,105,220,3,3,neither,0.0,0.0,196,196,196,0,0,1000,1000,within_band,within_band,-19.6,80.4,False
d2yrcsa1,3,4,0.001,105,220,3,4,neither,0.0,0.0,196,196,196,0,0,1000,1000,within_band,within_band,-19.6,80.4,False
d7o72flz,1,4,0.0,365,231,1,1,neither,0.0,0.032,257,249,250,-8,-7,1000,1000,within_band,within_band,-25.7,74.3,False
d7o72flz,1,4,0.0,365,231,1,2,neither,0.0040000001899898,0.04,257,278,266,21,9,1000,1000,improved,within_band,-25.7,74.3,False
d7o72flz,1,4,0.0,365,231,1,3,neither,0.0010000000474974,0.016,257,228,227,-29,-30,1000,1000,damaged,damaged,-25.7,74.3,False
d7o72flz,1,4,0.0,365,231,1,4,neither,0.0,0.022,257,0,0,-257,-257,1000,1000,damaged,damaged,-25.7,74.3,False
ddeurv7p,3,2,0.0,109,231,1,1,neither,0.0,0.007,216,186,197,-30,-19,999,999,damaged,damaged,-21.6,78.4,False
ddeurv7p,3,2,0.0,109,231,1,2,neither,0.0020000000949949,0.008,216,127,135,-89,-81,999,999,damaged,damaged,-21.6,78.4,False
ddeurv7p,3,2,0.0,109,231,2,1,neither,0.0,0.162,216,123,141,-93,-75,999,999,damaged,damaged,-21.6,78.4,False
ddeurv7p,3,2,0.0,109,231,2,2,neither,0.0,0.164,216,98,119,-118,-97,999,999,damaged,damaged,-21.6,78.4,False
ddeurv7p,3,2,0.0,109,231,3,1,neither,0.0,0.182,216,115,119,-101,-97,999,999,damaged,damaged,-21.6,78.4,False
ddeurv7p,3,2,0.0,109,231,3,2,neither,0.0,0.249,216,133,134,-83,-82,999,999,damaged,damaged,-21.6,78.4,False
dnyvkhlk,1,2,0.0,365,220,1,1,neither,0.0260000005364418,0.012,53,23,36,-30,-17,1000,1000,damaged,damaged,-5.3,94.7,False
dnyvkhlk,1,2,0.0,365,220,1,2,neither,0.0,0.031,53,0,0,-53,-53,1000,1000,damaged,damaged,-5.3,94.7,False
do9cszj0,3,2,0.001,105,161,1,1,neither,0.0,0.0,13,13,13,0,0,999,999,within_band,within_band,-1.3,98.7,False
do9cszj0,3,2,0.001,105,161,1,2,neither,0.0,0.0,13,13,13,0,0,999,999,within_band,within_band,-1.3,98.7,False
do9cszj0,3,2,0.001,105,161,2,1,neither,0.0,0.007,13,13,13,0,0,999,999,within_band,within_band,-1.3,98.7,False
do9cszj0,3,2,0.001,105,161,2,2,neither,0.0,0.007,13,13,13,0,0,999,999,within_band,within_band,-1.3,98.7,False
do9cszj0,3,2,0.001,105,161,3,1,neither,0.0,0.0,13,13,13,0,0,999,999,within_band,within_band,-1.3,98.7,False
do9cszj0,3,2,0.001,105,161,3,2,neither,0.0,0.0,13,13,13,0,0,999,999,within_band,within_band,-1.3,98.7,False
dsibxabs,2,4,0.001,92,161,1,1,neither,0.0089999996125698,0.0,793,793,793,0,0,999,999,within_band,within_band,-79.3,20.7,False
dsibxabs,2,4,0.001,92,161,1,2,neither,0.0099999997764825,0.0,793,793,793,0,0,999,999,within_band,within_band,-79.3,20.7,False
dsibxabs,2,4,0.001,92,161,1,3,neither,0.003000000026077,0.0,793,793,793,0,0,999,999,within_band,within_band,-79.3,20.7,False
dsibxabs,2,4,0.001,92,161,1,4,neither,0.0099999997764825,0.0,793,793,793,0,0,999,999,within_band,within_band,-79.3,20.7,False
dsibxabs,2,4,0.001,92,161,2,1,neither,0.0,0.0,793,793,793,0,0,999,999,within_band,within_band,-79.3,20.7,False
dsibxabs,2,4,0.001,92,161,2,2,neither,0.0,0.0,793,793,793,0,0,999,999,within_band,within_band,-79.3,20.7,False
dsibxabs,2,4,0.001,92,161,2,3,neither,0.0,0.0,793,793,793,0,0,999,999,within_band,within_band,-79.3,20.7,False
dsibxabs,2,4,0.001,92,161,2,4,sign-matching,0.9760000109672546,0.001,793,896,897,103,104,999,987,improved,improved,-79.3,20.7,False
dt9aisz4,3,4,0.001,109,161,1,1,neither,0.0099999997764825,0.0,318,318,318,0,0,1000,1000,within_band,within_band,-31.8,68.2,False
dt9aisz4,3,4,0.001,109,161,1,2,neither,0.0,0.0,318,318,318,0,0,1000,1000,within_band,within_band,-31.8,68.2,False
dt9aisz4,3,4,0.001,109,161,1,3,neither,0.0,0.007,318,318,318,0,0,1000,1000,within_band,within_band,-31.8,68.2,False
dt9aisz4,3,4,0.001,109,161,1,4,neither,0.0,0.0,318,318,318,0,0,1000,1000,within_band,within_band,-31.8,68.2,False
dt9aisz4,3,4,0.001,109,161,2,1,neither,0.0,0.0,318,318,318,0,0,1000,1000,within_band,within_band,-31.8,68.2,False
dt9aisz4,3,4,0.001,109,161,2,2,neither,0.0,0.0,318,318,318,0,0,1000,1000,within_band,within_band,-31.8,68.2,False
dt9aisz4,3,4,0.001,109,161,2,3,neither,0.0,0.0,318,318,318,0,0,1000,1000,within_band,within_band,-31.8,68.2,False
dt9aisz4,3,4,0.001,109,161,2,4,neither,0.0,0.0,318,318,318,0,0,1000,1000,within_band,within_band,-31.8,68.2,False
dt9aisz4,3,4,0.001,109,161,3,1,neither,0.0,0.0,318,318,318,0,0,1000,1000,within_band,within_band,-31.8,68.2,False
dt9aisz4,3,4,0.001,109,161,3,2,neither,0.0,0.0,318,318,318,0,0,1000,1000,within_band,within_band,-31.8,68.2,False
dt9aisz4,3,4,0.001,109,161,3,3,neither,0.0,0.0,318,318,318,0,0,1000,1000,within_band,within_band,-31.8,68.2,False
dt9aisz4,3,4,0.001,109,161,3,4,neither,0.0,0.0,318,318,318,0,0,1000,1000,within_band,within_band,-31.8,68.2,False
dyd9jqjs,1,2,0.001,105,220,1,1,neither,0.0,0.03,0,0,0,0,0,1000,1000,within_band,within_band,0.0,100.0,False
dyd9jqjs,1,2,0.001,105,220,1,2,neither,0.0,0.0,0,0,0,0,0,1000,1000,within_band,within_band,0.0,100.0,False
dzgfeiak,2,4,0.001,105,231,1,1,neither,0.0170000009238719,0.0,825,827,827,2,2,999,999,within_band,within_band,-82.5,17.5,False
dzgfeiak,2,4,0.001,105,231,1,2,neither,0.0170000009238719,0.0,825,827,827,2,2,999,999,within_band,within_band,-82.5,17.5,False
dzgfeiak,2,4,0.001,105,231,1,3,neither,0.0170000009238719,0.0,825,834,834,9,9,999,999,within_band,within_band,-82.5,17.5,False
dzgfeiak,2,4,0.001,105,231,1,4,neither,0.0170000009238719,0.0,825,829,828,4,3,999,999,within_band,within_band,-82.5,17.5,False
dzgfeiak,2,4,0.001,105,231,2,1,neither,0.0,0.0,825,825,825,0,0,999,999,within_band,within_band,-82.5,17.5,False
dzgfeiak,2,4,0.001,105,231,2,2,neither,0.2919999957084656,0.708,825,782,791,-43,-34,999,959,damaged,damaged,-82.5,17.5,False
dzgfeiak,2,4,0.001,105,231,2,3,neither,0.0,0.0,825,825,825,0,0,999,999,within_band,within_band,-82.5,17.5,False
dzgfeiak,2,4,0.001,105,231,2,4,neither,0.0,0.0,825,825,825,0,0,999,999,within_band,within_band,-82.5,17.5,False
e7pup9s2,3,2,0.001,365,161,1,1,neither,0.0109999999403953,0.0,368,368,368,0,0,1000,1000,within_band,within_band,-36.8,63.2,False
e7pup9s2,3,2,0.001,365,161,1,2,neither,0.0109999999403953,0.0,368,368,368,0,0,1000,1000,within_band,within_band,-36.8,63.2,False
e7pup9s2,3,2,0.001,365,161,2,1,neither,0.0,0.0,368,368,368,0,0,1000,1000,within_band,within_band,-36.8,63.2,False
e7pup9s2,3,2,0.001,365,161,2,2,neither,0.0,0.0,368,368,368,0,0,1000,1000,within_band,within_band,-36.8,63.2,False
e7pup9s2,3,2,0.001,365,161,3,1,neither,0.0,0.0,368,368,368,0,0,1000,1000,within_band,within_band,-36.8,63.2,False
e7pup9s2,3,2,0.001,365,161,3,2,neither,0.0,0.0,368,368,368,0,0,1000,1000,within_band,within_band,-36.8,63.2,False
emf94h4v,2,4,0.001,105,220,1,1,neither,0.0,0.01,686,686,686,0,0,1000,1000,within_band,within_band,-68.6,31.4,False
emf94h4v,2,4,0.001,105,220,1,2,neither,0.0,0.01,686,686,686,0,0,1000,1000,within_band,within_band,-68.6,31.4,False
emf94h4v,2,4,0.001,105,220,1,3,neither,0.0,0.01,686,686,686,0,0,1000,1000,within_band,within_band,-68.6,31.4,False
emf94h4v,2,4,0.001,105,220,1,4,neither,0.0,0.01,686,686,686,0,0,1000,1000,within_band,within_band,-68.6,31.4,False
emf94h4v,2,4,0.001,105,220,2,1,neither,0.0,0.0,686,686,686,0,0,1000,1000,within_band,within_band,-68.6,31.4,False
emf94h4v,2,4,0.001,105,220,2,2,sign-matching,0.9980000257492064,0.0,686,921,920,235,234,1000,969,improved,improved,-68.6,31.4,False
emf94h4v,2,4,0.001,105,220,2,3,neither,0.0,0.0,686,686,686,0,0,1000,1000,within_band,within_band,-68.6,31.4,False
emf94h4v,2,4,0.001,105,220,2,4,neither,0.0,0.0,686,686,686,0,0,1000,1000,within_band,within_band,-68.6,31.4,False
emz8aert,2,4,0.0,495,161,1,1,neither,0.0070000002160668,0.021,700,686,687,-14,-13,999,999,damaged,damaged,-70.0,30.0,False
emz8aert,2,4,0.0,495,161,1,2,neither,0.0160000007599592,0.01,700,687,687,-13,-13,999,999,damaged,damaged,-70.0,30.0,False
emz8aert,2,4,0.0,495,161,1,3,neither,0.0219999998807907,0.0,700,716,717,16,17,999,999,improved,improved,-70.0,30.0,False
emz8aert,2,4,0.0,495,161,1,4,neither,0.0109999999403953,0.01,700,725,723,25,23,999,999,improved,improved,-70.0,30.0,False
emz8aert,2,4,0.0,495,161,2,1,sign-matching,0.9240000247955322,0.0,700,752,762,52,62,999,999,improved,improved,-70.0,30.0,False
emz8aert,2,4,0.0,495,161,2,2,neither,0.0839999988675117,0.662,700,662,671,-38,-29,999,999,damaged,damaged,-70.0,30.0,False
emz8aert,2,4,0.0,495,161,2,3,violation-detecting,0.0189999993890523,0.821,700,651,659,-49,-41,999,999,damaged,damaged,-70.0,30.0,False
emz8aert,2,4,0.0,495,161,2,4,neither,0.0219999998807907,0.728,700,668,670,-32,-30,999,999,damaged,damaged,-70.0,30.0,False
ew6ocawx,2,2,0.0,109,161,1,1,neither,0.0270000007003545,0.001,851,914,916,63,65,1000,1000,improved,improved,-85.1,14.9,False
ew6ocawx,2,2,0.0,109,161,1,2,neither,0.0430000014603138,0.003,851,912,909,61,58,1000,1000,improved,improved,-85.1,14.9,False
ew6ocawx,2,2,0.0,109,161,2,1,violation-detecting,0.0049999998882412,0.986,851,720,735,-131,-116,1000,1000,damaged,damaged,-85.1,14.9,False
ew6ocawx,2,2,0.0,109,161,2,2,neither,0.1270000040531158,0.707,851,701,723,-150,-128,1000,1000,damaged,damaged,-85.1,14.9,False
ewce9dtl,3,4,0.01,92,220,1,1,neither,0.0,0.0,552,552,552,0,0,992,992,within_band,within_band,-55.2,44.8,False
ewce9dtl,3,4,0.01,92,220,1,2,neither,0.0,0.0,552,552,552,0,0,992,992,within_band,within_band,-55.2,44.8,False
ewce9dtl,3,4,0.01,92,220,1,3,neither,0.0,0.0,552,552,552,0,0,992,992,within_band,within_band,-55.2,44.8,False
ewce9dtl,3,4,0.01,92,220,1,4,neither,0.0,0.0,552,552,552,0,0,992,992,within_band,within_band,-55.2,44.8,False
ewce9dtl,3,4,0.01,92,220,2,1,neither,0.0,0.0,552,552,552,0,0,992,992,within_band,within_band,-55.2,44.8,False
ewce9dtl,3,4,0.01,92,220,2,2,neither,0.0,0.0,552,552,552,0,0,992,992,within_band,within_band,-55.2,44.8,False
ewce9dtl,3,4,0.01,92,220,2,3,neither,0.0,0.0,552,552,552,0,0,992,992,within_band,within_band,-55.2,44.8,False
ewce9dtl,3,4,0.01,92,220,2,4,neither,0.0,0.0,552,552,552,0,0,992,992,within_band,within_band,-55.2,44.8,False
ewce9dtl,3,4,0.01,92,220,3,1,neither,0.0,0.0,552,552,552,0,0,992,992,within_band,within_band,-55.2,44.8,False
ewce9dtl,3,4,0.01,92,220,3,2,neither,0.0,0.0,552,552,552,0,0,992,992,within_band,within_band,-55.2,44.8,False
ewce9dtl,3,4,0.01,92,220,3,3,neither,0.0,0.0,552,552,552,0,0,992,992,within_band,within_band,-55.2,44.8,False
ewce9dtl,3,4,0.01,92,220,3,4,neither,0.0,0.0,552,552,552,0,0,992,992,within_band,within_band,-55.2,44.8,False
ewyuiqhq,2,4,0.01,495,161,1,1,neither,0.0,0.0,905,905,905,0,0,999,999,within_band,within_band,-90.5,9.5,False
ewyuiqhq,2,4,0.01,495,161,1,2,neither,0.0,0.0,905,905,905,0,0,999,999,within_band,within_band,-90.5,9.5,False
ewyuiqhq,2,4,0.01,495,161,1,3,neither,0.0,0.0,905,905,905,0,0,999,999,within_band,within_band,-90.5,9.5,False
ewyuiqhq,2,4,0.01,495,161,1,4,neither,0.0,0.0,905,905,905,0,0,999,999,within_band,within_band,-90.5,9.5,False
ewyuiqhq,2,4,0.01,495,161,2,1,neither,0.0,0.0,905,905,905,0,0,999,999,within_band,within_band,-90.5,9.5,False
ewyuiqhq,2,4,0.01,495,161,2,2,neither,0.0,0.0,905,905,905,0,0,999,999,within_band,within_band,-90.5,9.5,False
ewyuiqhq,2,4,0.01,495,161,2,3,neither,0.0,0.0,905,905,905,0,0,999,999,within_band,within_band,-90.5,9.5,False
ewyuiqhq,2,4,0.01,495,161,2,4,neither,0.0,0.0,905,905,905,0,0,999,999,within_band,within_band,-90.5,9.5,False
ezzq42e8,2,4,0.01,109,161,1,1,neither,0.003000000026077,0.0,869,869,869,0,0,999,999,within_band,within_band,-86.9,13.1,False
ezzq42e8,2,4,0.01,109,161,1,2,neither,0.0170000009238719,0.0,869,869,869,0,0,999,999,within_band,within_band,-86.9,13.1,False
ezzq42e8,2,4,0.01,109,161,1,3,neither,0.0160000007599592,0.0,869,869,869,0,0,999,999,within_band,within_band,-86.9,13.1,False
ezzq42e8,2,4,0.01,109,161,1,4,neither,0.0020000000949949,0.0,869,869,869,0,0,999,999,within_band,within_band,-86.9,13.1,False
ezzq42e8,2,4,0.01,109,161,2,1,neither,0.0,0.0,869,869,869,0,0,999,999,within_band,within_band,-86.9,13.1,False
ezzq42e8,2,4,0.01,109,161,2,2,neither,0.0,0.0,869,869,869,0,0,999,999,within_band,within_band,-86.9,13.1,False
ezzq42e8,2,4,0.01,109,161,2,3,neither,0.7139999866485596,0.272,869,869,869,0,0,999,999,within_band,within_band,-86.9,13.1,False
ezzq42e8,2,4,0.01,109,161,2,4,neither,0.0,0.0,869,869,869,0,0,999,999,within_band,within_band,-86.9,13.1,False
fexunldd,1,4,0.01,109,161,1,1,neither,0.0,0.0,0,0,0,0,0,999,999,within_band,within_band,0.0,100.0,False
fexunldd,1,4,0.01,109,161,1,2,neither,0.0,0.0,0,0,0,0,0,999,999,within_band,within_band,0.0,100.0,False
fexunldd,1,4,0.01,109,161,1,3,neither,0.0,0.0,0,0,0,0,0,999,999,within_band,within_band,0.0,100.0,False
fexunldd,1,4,0.01,109,161,1,4,neither,0.0,0.0,0,0,0,0,0,999,999,within_band,within_band,0.0,100.0,False
fgha5oow,3,4,0.01,105,231,1,1,neither,0.0,0.0,2,2,2,0,0,1000,1000,within_band,within_band,-0.2,99.8,False
fgha5oow,3,4,0.01,105,231,1,2,neither,0.0,0.0,2,2,2,0,0,1000,1000,within_band,within_band,-0.2,99.8,False
fgha5oow,3,4,0.01,105,231,1,3,neither,0.0,0.0,2,2,2,0,0,1000,1000,within_band,within_band,-0.2,99.8,False
fgha5oow,3,4,0.01,105,231,1,4,neither,0.0,0.0,2,2,2,0,0,1000,1000,within_band,within_band,-0.2,99.8,False
fgha5oow,3,4,0.01,105,231,2,1,neither,0.0,0.0,2,2,2,0,0,1000,1000,within_band,within_band,-0.2,99.8,False
fgha5oow,3,4,0.01,105,231,2,2,neither,0.0,0.0,2,2,2,0,0,1000,1000,within_band,within_band,-0.2,99.8,False
fgha5oow,3,4,0.01,105,231,2,3,neither,0.0,0.0,2,2,2,0,0,1000,1000,within_band,within_band,-0.2,99.8,False
fgha5oow,3,4,0.01,105,231,2,4,neither,0.0,0.0,2,2,2,0,0,1000,1000,within_band,within_band,-0.2,99.8,False
fgha5oow,3,4,0.01,105,231,3,1,neither,0.0,0.0,2,2,2,0,0,1000,1000,within_band,within_band,-0.2,99.8,False
fgha5oow,3,4,0.01,105,231,3,2,neither,0.0,0.0,2,2,2,0,0,1000,1000,within_band,within_band,-0.2,99.8,False
fgha5oow,3,4,0.01,105,231,3,3,neither,0.0,0.0,2,2,2,0,0,1000,1000,within_band,within_band,-0.2,99.8,False
fgha5oow,3,4,0.01,105,231,3,4,neither,0.0,0.0,2,2,2,0,0,1000,1000,within_band,within_band,-0.2,99.8,False
fodtt1od,1,2,0.001,109,231,1,1,neither,0.0,0.018,0,0,0,0,0,1000,1000,within_band,within_band,0.0,100.0,False
fodtt1od,1,2,0.001,109,231,1,2,neither,0.0,0.016,0,0,0,0,0,1000,1000,within_band,within_band,0.0,100.0,False
fzy0lmi0,1,4,0.0,495,231,1,1,neither,0.0160000007599592,0.021,0,0,0,0,0,999,999,within_band,within_band,0.0,100.0,False
fzy0lmi0,1,4,0.0,495,231,1,2,neither,0.0010000000474974,0.02,0,0,0,0,0,999,999,within_band,within_band,0.0,100.0,False
fzy0lmi0,1,4,0.0,495,231,1,3,neither,0.006000000052154,0.024,0,0,0,0,0,999,999,within_band,within_band,0.0,100.0,False
fzy0lmi0,1,4,0.0,495,231,1,4,neither,0.0,0.036,0,0,0,0,0,999,999,within_band,within_band,0.0,100.0,False
g0brklw6,2,4,0.0,105,161,1,1,neither,0.0149999996647238,0.0,544,601,603,57,59,1000,1000,improved,improved,-54.4,45.6,False
g0brklw6,2,4,0.0,105,161,1,2,neither,0.0089999996125698,0.011,544,567,569,23,25,1000,1000,improved,improved,-54.4,45.6,False
g0brklw6,2,4,0.0,105,161,1,3,neither,0.0120000001043081,0.0,544,563,563,19,19,1000,1000,improved,improved,-54.4,45.6,False
g0brklw6,2,4,0.0,105,161,1,4,neither,0.0340000018477439,0.0,544,638,634,94,90,1000,1000,improved,improved,-54.4,45.6,False
g0brklw6,2,4,0.0,105,161,2,1,neither,0.1059999987483024,0.363,544,533,543,-11,-1,1000,1000,damaged,within_band,-54.4,45.6,False
g0brklw6,2,4,0.0,105,161,2,2,neither,0.4650000035762787,0.283,544,543,548,-1,4,1000,1000,within_band,within_band,-54.4,45.6,False
g0brklw6,2,4,0.0,105,161,2,3,neither,0.0419999994337558,0.24,544,535,543,-9,-1,1000,1000,within_band,within_band,-54.4,45.6,False
g0brklw6,2,4,0.0,105,161,2,4,neither,0.0640000030398368,0.551,544,530,536,-14,-8,1000,1000,damaged,within_band,-54.4,45.6,False
g0drb6n9,2,2,0.001,365,161,1,1,neither,0.0,0.008,817,817,817,0,0,999,999,within_band,within_band,-81.7,18.3,False
g0drb6n9,2,2,0.001,365,161,1,2,neither,0.0,0.013,817,818,818,1,1,999,999,within_band,within_band,-81.7,18.3,False
g0drb6n9,2,2,0.001,365,161,2,1,neither,0.0,0.0,817,817,817,0,0,999,999,within_band,within_band,-81.7,18.3,False
g0drb6n9,2,2,0.001,365,161,2,2,sign-matching,1.0,0.0,817,913,915,96,98,999,987,improved,improved,-81.7,18.3,False
g0qzzup8,1,2,0.0,105,231,1,1,neither,0.0120000001043081,0.002,415,425,428,10,13,999,999,within_band,improved,-41.5,58.5,False
g0qzzup8,1,2,0.0,105,231,1,2,neither,0.0,0.032,415,0,0,-415,-415,999,999,damaged,damaged,-41.5,58.5,False
g1nv3br2,1,4,0.001,105,161,1,1,neither,0.0,0.0,0,0,0,0,0,999,999,within_band,within_band,0.0,100.0,False
g1nv3br2,1,4,0.001,105,161,1,2,neither,0.0,0.0,0,0,0,0,0,999,999,within_band,within_band,0.0,100.0,False
g1nv3br2,1,4,0.001,105,161,1,3,neither,0.0,0.0,0,0,0,0,0,999,999,within_band,within_band,0.0,100.0,False
g1nv3br2,1,4,0.001,105,161,1,4,neither,0.0,0.0,0,0,0,0,0,999,999,within_band,within_band,0.0,100.0,False
gkh8ipkk,3,2,0.0,92,231,1,1,neither,0.0089999996125698,0.009,12,28,29,16,17,1000,1000,improved,improved,-1.2,98.8,False
gkh8ipkk,3,2,0.0,92,231,1,2,neither,0.0070000002160668,0.008,12,23,20,11,8,1000,1000,improved,within_band,-1.2,98.8,False
gkh8ipkk,3,2,0.0,92,231,2,1,violation-detecting,0.0,0.888,12,12,12,0,0,1000,1000,within_band,within_band,-1.2,98.8,False
gkh8ipkk,3,2,0.0,92,231,2,2,violation-detecting,0.0,0.911,12,12,12,0,0,1000,1000,within_band,within_band,-1.2,98.8,False
gkh8ipkk,3,2,0.0,92,231,3,1,neither,0.0790000036358833,0.0,12,12,9,0,-3,1000,1000,within_band,within_band,-1.2,98.8,False
gkh8ipkk,3,2,0.0,92,231,3,2,neither,0.0799999982118606,0.043,12,13,7,1,-5,1000,1000,within_band,within_band,-1.2,98.8,False
goc62qyr,1,4,0.001,365,161,1,1,neither,0.0,0.013,1,1,1,0,0,999,999,within_band,within_band,-0.1,99.9,False
goc62qyr,1,4,0.001,365,161,1,2,neither,0.0,0.017,1,1,1,0,0,999,999,within_band,within_band,-0.1,99.9,False
goc62qyr,1,4,0.001,365,161,1,3,neither,0.0,0.0,1,1,1,0,0,999,999,within_band,within_band,-0.1,99.9,False
goc62qyr,1,4,0.001,365,161,1,4,neither,0.0,0.0,1,1,1,0,0,999,999,within_band,within_band,-0.1,99.9,False
gq7hl025,2,4,0.01,105,220,1,1,neither,0.0,0.0,797,797,797,0,0,999,999,within_band,within_band,-79.7,20.3,False
gq7hl025,2,4,0.01,105,220,1,2,neither,0.0,0.007,797,797,797,0,0,999,999,within_band,within_band,-79.7,20.3,False
gq7hl025,2,4,0.01,105,220,1,3,neither,0.0,0.007,797,797,797,0,0,999,999,within_band,within_band,-79.7,20.3,False
gq7hl025,2,4,0.01,105,220,1,4,neither,0.0,0.006,797,797,797,0,0,999,999,within_band,within_band,-79.7,20.3,False
gq7hl025,2,4,0.01,105,220,2,1,neither,0.0,0.0,797,797,797,0,0,999,999,within_band,within_band,-79.7,20.3,False
gq7hl025,2,4,0.01,105,220,2,2,neither,0.0,0.0,797,797,797,0,0,999,999,within_band,within_band,-79.7,20.3,False
gq7hl025,2,4,0.01,105,220,2,3,neither,0.0,0.0,797,797,797,0,0,999,999,within_band,within_band,-79.7,20.3,False
gq7hl025,2,4,0.01,105,220,2,4,neither,0.0,0.0,797,797,797,0,0,999,999,within_band,within_band,-79.7,20.3,False
gzara73y,2,4,0.0,365,161,1,1,neither,0.0140000004321336,0.013,286,281,280,-5,-6,1000,1000,within_band,within_band,-28.6,71.4,False
gzara73y,2,4,0.0,365,161,1,2,neither,0.0120000001043081,0.006,286,282,282,-4,-4,1000,1000,within_band,within_band,-28.6,71.4,False
gzara73y,2,4,0.0,365,161,1,3,neither,0.0020000000949949,0.014,286,278,277,-8,-9,1000,1000,within_band,within_band,-28.6,71.4,False
gzara73y,2,4,0.0,365,161,1,4,neither,0.0010000000474974,0.005,286,279,282,-7,-4,1000,999,within_band,within_band,-28.6,71.4,False
gzara73y,2,4,0.0,365,161,2,1,neither,0.0,0.252,286,284,284,-2,-2,1000,1000,within_band,within_band,-28.6,71.4,False
gzara73y,2,4,0.0,365,161,2,2,neither,0.0780000016093254,0.023,286,300,295,14,9,1000,999,improved,within_band,-28.6,71.4,False
gzara73y,2,4,0.0,365,161,2,3,neither,0.0340000018477439,0.051,286,287,286,1,0,1000,1000,within_band,within_band,-28.6,71.4,False
gzara73y,2,4,0.0,365,161,2,4,neither,0.0179999992251396,0.074,286,284,284,-2,-2,1000,1000,within_band,within_band,-28.6,71.4,False
h0eok57w,1,4,0.01,365,231,1,1,neither,0.0,0.0,0,0,0,0,0,1000,1000,within_band,within_band,0.0,100.0,False
h0eok57w,1,4,0.01,365,231,1,2,neither,0.0,0.0,0,0,0,0,0,1000,1000,within_band,within_band,0.0,100.0,False
h0eok57w,1,4,0.01,365,231,1,3,neither,0.0,0.0,0,0,0,0,0,1000,1000,within_band,within_band,0.0,100.0,False
h0eok57w,1,4,0.01,365,231,1,4,neither,0.0,0.0,0,0,0,0,0,1000,1000,within_band,within_band,0.0,100.0,False
h7bcvji2,3,2,0.0,105,220,1,1,neither,0.0379999987781047,0.0,379,419,418,40,39,1000,1000,improved,improved,-37.9,62.1,False
h7bcvji2,3,2,0.0,105,220,1,2,neither,0.0370000004768371,0.0,379,386,385,7,6,1000,1000,within_band,within_band,-37.9,62.1,False
h7bcvji2,3,2,0.0,105,220,2,1,neither,0.0,0.019,379,467,456,88,77,1000,1000,improved,improved,-37.9,62.1,False
h7bcvji2,3,2,0.0,105,220,2,2,neither,0.0040000001899898,0.049,379,479,474,100,95,1000,1000,improved,improved,-37.9,62.1,False
h7bcvji2,3,2,0.0,105,220,3,1,violation-detecting,0.0,0.84,379,286,290,-93,-89,1000,1000,damaged,damaged,-37.9,62.1,False
h7bcvji2,3,2,0.0,105,220,3,2,violation-detecting,0.0,0.998,379,298,299,-81,-80,1000,1000,damaged,damaged,-37.9,62.1,False
h7j3baia,3,2,0.0,365,231,1,1,neither,0.0350000001490116,0.0,871,857,857,-14,-14,999,999,damaged,damaged,-87.1,12.9,False
h7j3baia,3,2,0.0,365,231,1,2,neither,0.0399999991059303,0.0,871,865,861,-6,-10,999,999,within_band,within_band,-87.1,12.9,False
h7j3baia,3,2,0.0,365,231,2,1,neither,0.1389999985694885,0.0,871,838,841,-33,-30,999,999,damaged,damaged,-87.1,12.9,False
h7j3baia,3,2,0.0,365,231,2,2,neither,0.0689999982714653,0.0,871,842,844,-29,-27,999,999,damaged,damaged,-87.1,12.9,False
h7j3baia,3,2,0.0,365,231,3,1,neither,0.0,0.532,871,652,654,-219,-217,999,991,damaged,damaged,-87.1,12.9,False
h7j3baia,3,2,0.0,365,231,3,2,violation-detecting,0.003000000026077,0.98,871,831,832,-40,-39,999,999,damaged,damaged,-87.1,12.9,False
hcagncwq,2,2,0.0,495,161,1,1,neither,0.006000000052154,0.016,929,929,929,0,0,1000,1000,within_band,within_band,-92.9,7.1,False
hcagncwq,2,2,0.0,495,161,1,2,neither,0.0080000003799796,0.011,929,929,929,0,0,1000,1000,within_band,within_band,-92.9,7.1,False
hcagncwq,2,2,0.0,495,161,2,1,neither,0.3019999861717224,0.043,929,929,929,0,0,1000,1000,within_band,within_band,-92.9,7.1,False
hcagncwq,2,2,0.0,495,161,2,2,neither,0.0,0.266,929,580,604,-349,-325,1000,1000,damaged,damaged,-92.9,7.1,False
hop7cqrl,2,4,0.001,109,161,1,1,neither,0.0179999992251396,0.0,856,856,856,0,0,999,999,within_band,within_band,-85.6,14.4,False
hop7cqrl,2,4,0.001,109,161,1,2,neither,0.0160000007599592,0.0,856,856,856,0,0,999,999,within_band,within_band,-85.6,14.4,False
hop7cqrl,2,4,0.001,109,161,1,3,neither,0.0160000007599592,0.0,856,856,856,0,0,999,999,within_band,within_band,-85.6,14.4,False
hop7cqrl,2,4,0.001,109,161,1,4,neither,0.0179999992251396,0.0,856,856,856,0,0,999,999,within_band,within_band,-85.6,14.4,False
hop7cqrl,2,4,0.001,109,161,2,1,neither,0.0,0.0,856,856,856,0,0,999,999,within_band,within_band,-85.6,14.4,False
hop7cqrl,2,4,0.001,109,161,2,2,neither,0.0,0.0,856,856,856,0,0,999,999,within_band,within_band,-85.6,14.4,False
hop7cqrl,2,4,0.001,109,161,2,3,sign-matching,0.8510000109672546,0.138,856,890,900,34,44,999,986,improved,improved,-85.6,14.4,False
hop7cqrl,2,4,0.001,109,161,2,4,neither,0.0,0.0,856,856,856,0,0,999,999,within_band,within_band,-85.6,14.4,False
hqyloz43,3,4,0.01,365,161,1,1,neither,0.0,0.0,66,66,66,0,0,999,999,within_band,within_band,-6.6,93.4,False
hqyloz43,3,4,0.01,365,161,1,2,neither,0.0,0.0,66,66,66,0,0,999,999,within_band,within_band,-6.6,93.4,False
hqyloz43,3,4,0.01,365,161,1,3,neither,0.0,0.0,66,66,66,0,0,999,999,within_band,within_band,-6.6,93.4,False
hqyloz43,3,4,0.01,365,161,1,4,neither,0.0,0.0,66,66,66,0,0,999,999,within_band,within_band,-6.6,93.4,False
hqyloz43,3,4,0.01,365,161,2,1,neither,0.0,0.0,66,66,66,0,0,999,999,within_band,within_band,-6.6,93.4,False
hqyloz43,3,4,0.01,365,161,2,2,neither,0.0,0.0,66,66,66,0,0,999,999,within_band,within_band,-6.6,93.4,False
hqyloz43,3,4,0.01,365,161,2,3,neither,0.0,0.0,66,66,66,0,0,999,999,within_band,within_band,-6.6,93.4,False
hqyloz43,3,4,0.01,365,161,2,4,neither,0.0,0.0,66,66,66,0,0,999,999,within_band,within_band,-6.6,93.4,False
hqyloz43,3,4,0.01,365,161,3,1,neither,0.0,0.0,66,66,66,0,0,999,999,within_band,within_band,-6.6,93.4,False
hqyloz43,3,4,0.01,365,161,3,2,neither,0.0,0.0,66,66,66,0,0,999,999,within_band,within_band,-6.6,93.4,False
hqyloz43,3,4,0.01,365,161,3,3,neither,0.0,0.0,66,66,66,0,0,999,999,within_band,within_band,-6.6,93.4,False
hqyloz43,3,4,0.01,365,161,3,4,neither,0.0,0.0,66,66,66,0,0,999,999,within_band,within_band,-6.6,93.4,False
hug9xqv0,3,2,0.01,109,220,1,1,neither,0.0080000003799796,0.0,785,785,785,0,0,999,999,within_band,within_band,-78.5,21.5,False
hug9xqv0,3,2,0.01,109,220,1,2,neither,0.0,0.0,785,785,785,0,0,999,999,within_band,within_band,-78.5,21.5,False
hug9xqv0,3,2,0.01,109,220,2,1,neither,0.0,0.0,785,785,785,0,0,999,999,within_band,within_band,-78.5,21.5,False
hug9xqv0,3,2,0.01,109,220,2,2,neither,0.0,0.0,785,785,785,0,0,999,999,within_band,within_band,-78.5,21.5,False
hug9xqv0,3,2,0.01,109,220,3,1,neither,0.0,0.0,785,785,785,0,0,999,999,within_band,within_band,-78.5,21.5,False
hug9xqv0,3,2,0.01,109,220,3,2,neither,0.0,0.0,785,785,785,0,0,999,999,within_band,within_band,-78.5,21.5,False
i1fai8k7,3,2,0.01,109,231,1,1,neither,0.0020000000949949,0.0,0,0,0,0,0,1000,1000,within_band,within_band,0.0,100.0,False
i1fai8k7,3,2,0.01,109,231,1,2,neither,0.0010000000474974,0.0,0,0,0,0,0,1000,1000,within_band,within_band,0.0,100.0,False
i1fai8k7,3,2,0.01,109,231,2,1,neither,0.0,0.0,0,0,0,0,0,1000,1000,within_band,within_band,0.0,100.0,False
i1fai8k7,3,2,0.01,109,231,2,2,neither,0.0,0.0,0,0,0,0,0,1000,1000,within_band,within_band,0.0,100.0,False
i1fai8k7,3,2,0.01,109,231,3,1,neither,0.0,0.0,0,0,0,0,0,1000,1000,within_band,within_band,0.0,100.0,False
i1fai8k7,3,2,0.01,109,231,3,2,neither,0.0,0.0,0,0,0,0,0,1000,1000,within_band,within_band,0.0,100.0,False
i1yztosx,1,4,0.0,92,161,1,1,neither,0.0149999996647238,0.007,311,293,292,-18,-19,1000,1000,damaged,damaged,-31.1,68.9,False
i1yztosx,1,4,0.0,92,161,1,2,neither,0.0099999997764825,0.021,311,310,310,-1,-1,1000,1000,within_band,within_band,-31.1,68.9,False
i1yztosx,1,4,0.0,92,161,1,3,neither,0.0,0.037,311,2,2,-309,-309,1000,1000,damaged,damaged,-31.1,68.9,False
i1yztosx,1,4,0.0,92,161,1,4,neither,0.006000000052154,0.009,311,330,325,19,14,1000,1000,improved,improved,-31.1,68.9,False
i4dirjr2,1,4,0.001,109,220,1,1,neither,0.0,0.0,0,0,0,0,0,1000,1000,within_band,within_band,0.0,100.0,False
i4dirjr2,1,4,0.001,109,220,1,2,neither,0.0,0.0,0,0,0,0,0,1000,1000,within_band,within_band,0.0,100.0,False
i4dirjr2,1,4,0.001,109,220,1,3,neither,0.0,0.0,0,0,0,0,0,1000,1000,within_band,within_band,0.0,100.0,False
i4dirjr2,1,4,0.001,109,220,1,4,neither,0.0,0.0,0,0,0,0,0,1000,1000,within_band,within_band,0.0,100.0,False
ijgz8nby,3,2,0.001,495,220,1,1,neither,0.0,0.003,792,791,791,-1,-1,1000,1000,within_band,within_band,-79.2,20.8,False
ijgz8nby,3,2,0.001,495,220,1,2,neither,0.0,0.003,792,784,784,-8,-8,1000,999,within_band,within_band,-79.2,20.8,False
ijgz8nby,3,2,0.001,495,220,2,1,neither,0.0,0.0,792,792,792,0,0,1000,1000,within_band,within_band,-79.2,20.8,False
ijgz8nby,3,2,0.001,495,220,2,2,neither,0.0,0.0,792,792,792,0,0,1000,1000,within_band,within_band,-79.2,20.8,False
ijgz8nby,3,2,0.001,495,220,3,1,neither,0.0,0.0,792,792,792,0,0,1000,1000,within_band,within_band,-79.2,20.8,False
ijgz8nby,3,2,0.001,495,220,3,2,neither,0.0179999992251396,0.514,792,715,721,-77,-71,1000,984,damaged,damaged,-79.2,20.8,False
iqaes43g,1,2,0.0,365,231,1,1,neither,0.0080000003799796,0.003,548,554,554,6,6,1000,1000,within_band,within_band,-54.8,45.2,False
iqaes43g,1,2,0.0,365,231,1,2,neither,0.0,0.044,548,0,0,-548,-548,1000,1000,damaged,damaged,-54.8,45.2,False
ir50a3zn,3,2,0.001,495,231,1,1,neither,0.0199999995529651,0.0,920,920,920,0,0,999,999,within_band,within_band,-92.0,8.0,False
ir50a3zn,3,2,0.001,495,231,1,2,neither,0.0240000002086162,0.0,920,920,920,0,0,999,999,within_band,within_band,-92.0,8.0,False
ir50a3zn,3,2,0.001,495,231,2,1,neither,0.0,0.0,920,920,920,0,0,999,999,within_band,within_band,-92.0,8.0,False
ir50a3zn,3,2,0.001,495,231,2,2,neither,0.0,0.0,920,920,920,0,0,999,999,within_band,within_band,-92.0,8.0,False
ir50a3zn,3,2,0.001,495,231,3,1,violation-detecting,0.0,1.0,920,769,784,-151,-136,999,980,damaged,damaged,-92.0,8.0,False
ir50a3zn,3,2,0.001,495,231,3,2,neither,0.0,0.0,920,920,920,0,0,999,999,within_band,within_band,-92.0,8.0,False
irtoff2i,2,2,0.01,109,231,1,1,neither,0.0,0.0,898,898,898,0,0,998,998,within_band,within_band,-89.8,10.2,False
irtoff2i,2,2,0.01,109,231,1,2,neither,0.0,0.0,898,898,898,0,0,998,998,within_band,within_band,-89.8,10.2,False
irtoff2i,2,2,0.01,109,231,2,1,neither,0.0,0.0,898,898,898,0,0,998,998,within_band,within_band,-89.8,10.2,False
irtoff2i,2,2,0.01,109,231,2,2,neither,0.0,0.0,898,898,898,0,0,998,998,within_band,within_band,-89.8,10.2,False
iuxnmfew,2,2,0.0,105,220,1,1,neither,0.0179999992251396,0.007,701,686,697,-15,-4,1000,1000,damaged,within_band,-70.1,29.9,False
iuxnmfew,2,2,0.0,105,220,1,2,neither,0.0340000018477439,0.0,701,696,705,-5,4,1000,1000,within_band,within_band,-70.1,29.9,False
iuxnmfew,2,2,0.0,105,220,2,1,neither,0.1129999980330467,0.022,701,653,660,-48,-41,1000,1000,damaged,damaged,-70.1,29.9,False
iuxnmfew,2,2,0.0,105,220,2,2,neither,0.248999997973442,0.079,701,665,676,-36,-25,1000,1000,damaged,damaged,-70.1,29.9,False
iuxukbwt,3,4,0.0,109,161,1,1,neither,0.0109999999403953,0.0,999,999,999,0,0,1000,1000,within_band,within_band,-99.9,0.1,False
iuxukbwt,3,4,0.0,109,161,1,2,neither,0.0309999994933605,0.0,999,999,999,0,0,1000,1000,within_band,within_band,-99.9,0.1,False
iuxukbwt,3,4,0.0,109,161,1,3,neither,0.0160000007599592,0.0,999,1000,1000,1,1,1000,1000,within_band,within_band,-99.9,0.1,False
iuxukbwt,3,4,0.0,109,161,1,4,neither,0.0080000003799796,0.002,999,1000,1000,1,1,1000,1000,within_band,within_band,-99.9,0.1,False
iuxukbwt,3,4,0.0,109,161,2,1,violation-detecting,0.0,0.998,999,937,936,-62,-63,1000,1000,damaged,damaged,-99.9,0.1,False
iuxukbwt,3,4,0.0,109,161,2,2,violation-detecting,0.0,0.99,999,999,999,0,0,1000,1000,within_band,within_band,-99.9,0.1,False
iuxukbwt,3,4,0.0,109,161,2,3,violation-detecting,0.0,0.998,999,862,865,-137,-134,1000,996,damaged,damaged,-99.9,0.1,False
iuxukbwt,3,4,0.0,109,161,2,4,neither,0.0359999984502792,0.756,999,999,999,0,0,1000,1000,within_band,within_band,-99.9,0.1,False
iuxukbwt,3,4,0.0,109,161,3,1,neither,0.0,0.565,999,999,999,0,0,1000,1000,within_band,within_band,-99.9,0.1,False
iuxukbwt,3,4,0.0,109,161,3,2,neither,0.0,0.528,999,999,999,0,0,1000,1000,within_band,within_band,-99.9,0.1,False
iuxukbwt,3,4,0.0,109,161,3,3,neither,0.0,0.566,999,999,999,0,0,1000,1000,within_band,within_band,-99.9,0.1,False
iuxukbwt,3,4,0.0,109,161,3,4,neither,0.0,0.785,999,999,999,0,0,1000,1000,within_band,within_band,-99.9,0.1,False
j4ex603s,1,4,0.01,105,231,1,1,neither,0.0,0.0,0,0,0,0,0,1000,1000,within_band,within_band,0.0,100.0,False
j4ex603s,1,4,0.01,105,231,1,2,neither,0.0,0.0,0,0,0,0,0,1000,1000,within_band,within_band,0.0,100.0,False
j4ex603s,1,4,0.01,105,231,1,3,neither,0.0,0.0,0,0,0,0,0,1000,1000,within_band,within_band,0.0,100.0,False
j4ex603s,1,4,0.01,105,231,1,4,neither,0.0,0.0,0,0,0,0,0,1000,1000,within_band,within_band,0.0,100.0,False
j7uo5a1h,3,2,0.01,105,220,1,1,neither,0.0,0.0,22,22,22,0,0,1000,1000,within_band,within_band,-2.2,97.8,False
j7uo5a1h,3,2,0.01,105,220,1,2,neither,0.0,0.0,22,22,22,0,0,1000,1000,within_band,within_band,-2.2,97.8,False
j7uo5a1h,3,2,0.01,105,220,2,1,neither,0.0,0.0,22,22,22,0,0,1000,1000,within_band,within_band,-2.2,97.8,False
j7uo5a1h,3,2,0.01,105,220,2,2,neither,0.0,0.0,22,22,22,0,0,1000,1000,within_band,within_band,-2.2,97.8,False
j7uo5a1h,3,2,0.01,105,220,3,1,neither,0.0,0.0,22,22,22,0,0,1000,1000,within_band,within_band,-2.2,97.8,False
j7uo5a1h,3,2,0.01,105,220,3,2,neither,0.0,0.0,22,22,22,0,0,1000,1000,within_band,within_band,-2.2,97.8,False
j8gjrvbj,3,4,0.0,365,220,1,1,neither,0.0109999999403953,0.0,750,750,752,0,2,1000,1000,within_band,within_band,-75.0,25.0,False
j8gjrvbj,3,4,0.0,365,220,1,2,neither,0.0049999998882412,0.009,750,748,747,-2,-3,1000,1000,within_band,within_band,-75.0,25.0,False
j8gjrvbj,3,4,0.0,365,220,1,3,neither,0.0099999997764825,0.0,750,751,752,1,2,1000,1000,within_band,within_band,-75.0,25.0,False
j8gjrvbj,3,4,0.0,365,220,1,4,neither,0.0099999997764825,0.008,750,752,754,2,4,1000,1000,within_band,within_band,-75.0,25.0,False
j8gjrvbj,3,4,0.0,365,220,2,1,neither,0.4259999990463257,0.044,750,757,757,7,7,1000,1000,within_band,within_band,-75.0,25.0,False
j8gjrvbj,3,4,0.0,365,220,2,2,neither,0.3600000143051147,0.036,750,762,764,12,14,1000,1000,improved,improved,-75.0,25.0,False
j8gjrvbj,3,4,0.0,365,220,2,3,neither,0.6290000081062317,0.025,750,759,764,9,14,1000,1000,within_band,improved,-75.0,25.0,False
j8gjrvbj,3,4,0.0,365,220,2,4,neither,0.7200000286102295,0.008,750,757,758,7,8,1000,1000,within_band,within_band,-75.0,25.0,False
j8gjrvbj,3,4,0.0,365,220,3,1,neither,0.003000000026077,0.0,750,750,750,0,0,1000,1000,within_band,within_band,-75.0,25.0,False
j8gjrvbj,3,4,0.0,365,220,3,2,neither,0.0040000001899898,0.048,750,750,750,0,0,1000,1000,within_band,within_band,-75.0,25.0,False
j8gjrvbj,3,4,0.0,365,220,3,3,neither,0.0010000000474974,0.056,750,751,751,1,1,1000,1000,within_band,within_band,-75.0,25.0,False
j8gjrvbj,3,4,0.0,365,220,3,4,neither,0.006000000052154,0.019,750,750,750,0,0,1000,1000,within_band,within_band,-75.0,25.0,False
j8qeo9ok,2,4,0.0,92,220,1,1,neither,0.006000000052154,0.01,714,693,695,-21,-19,1000,1000,damaged,damaged,-71.4,28.6,False
j8qeo9ok,2,4,0.0,92,220,1,2,neither,0.0270000007003545,0.001,714,715,715,1,1,1000,1000,within_band,within_band,-71.4,28.6,False
j8qeo9ok,2,4,0.0,92,220,1,3,neither,0.0120000001043081,0.0,714,698,700,-16,-14,1000,1000,damaged,damaged,-71.4,28.6,False
j8qeo9ok,2,4,0.0,92,220,1,4,neither,0.0199999995529651,0.0,714,731,730,17,16,1000,1000,improved,improved,-71.4,28.6,False
j8qeo9ok,2,4,0.0,92,220,2,1,neither,0.7979999780654907,0.184,714,731,734,17,20,1000,1000,improved,improved,-71.4,28.6,False
j8qeo9ok,2,4,0.0,92,220,2,2,neither,0.1990000009536743,0.657,714,687,689,-27,-25,1000,1000,damaged,damaged,-71.4,28.6,False
j8qeo9ok,2,4,0.0,92,220,2,3,neither,0.1030000001192092,0.734,714,684,688,-30,-26,1000,1000,damaged,damaged,-71.4,28.6,False
j8qeo9ok,2,4,0.0,92,220,2,4,neither,0.7580000162124634,0.188,714,727,733,13,19,1000,1000,improved,improved,-71.4,28.6,False
jd230b4h,3,4,0.0,495,161,1,1,neither,0.0109999999403953,0.005,1000,1000,1000,0,0,999,999,within_band,within_band,-100.0,0.0,False
jd230b4h,3,4,0.0,495,161,1,2,neither,0.0230000000447034,0.001,1000,1000,1000,0,0,999,999,within_band,within_band,-100.0,0.0,False
jd230b4h,3,4,0.0,495,161,1,3,neither,0.0089999996125698,0.004,1000,1000,1000,0,0,999,999,within_band,within_band,-100.0,0.0,False
jd230b4h,3,4,0.0,495,161,1,4,neither,0.0120000001043081,0.0,1000,1000,1000,0,0,999,999,within_band,within_band,-100.0,0.0,False
jd230b4h,3,4,0.0,495,161,2,1,neither,0.0,0.419,1000,1000,1000,0,0,999,999,within_band,within_band,-100.0,0.0,False
jd230b4h,3,4,0.0,495,161,2,2,neither,0.06700000166893,0.012,1000,1000,1000,0,0,999,999,within_band,within_band,-100.0,0.0,False
jd230b4h,3,4,0.0,495,161,2,3,neither,0.0989999994635582,0.269,1000,1000,1000,0,0,999,999,within_band,within_band,-100.0,0.0,False
jd230b4h,3,4,0.0,495,161,2,4,violation-detecting,0.0,0.825,1000,1000,1000,0,0,999,999,within_band,within_band,-100.0,0.0,False
jd230b4h,3,4,0.0,495,161,3,1,violation-detecting,0.0,0.884,1000,999,999,-1,-1,999,999,within_band,within_band,-100.0,0.0,False
jd230b4h,3,4,0.0,495,161,3,2,violation-detecting,0.0,0.807,1000,989,988,-11,-12,999,1000,damaged,damaged,-100.0,0.0,False
jd230b4h,3,4,0.0,495,161,3,3,neither,0.0,0.745,1000,987,985,-13,-15,999,1000,damaged,damaged,-100.0,0.0,False
jd230b4h,3,4,0.0,495,161,3,4,violation-detecting,0.0,0.808,1000,976,976,-24,-24,999,1000,damaged,damaged,-100.0,0.0,False
jl215v93,1,2,0.001,105,161,1,1,neither,0.0189999993890523,0.0,1,1,1,0,0,999,999,within_band,within_band,-0.1,99.9,False
jl215v93,1,2,0.001,105,161,1,2,neither,0.0,0.0,1,1,1,0,0,999,999,within_band,within_band,-0.1,99.9,False
jls9py1o,1,2,0.001,495,161,1,1,neither,0.0,0.0,0,0,0,0,0,1000,1000,within_band,within_band,0.0,100.0,False
jls9py1o,1,2,0.001,495,161,1,2,neither,0.0130000002682209,0.0,0,0,0,0,0,1000,1000,within_band,within_band,0.0,100.0,False
jm3aixw6,1,4,0.01,105,220,1,1,neither,0.0,0.0,0,0,0,0,0,1000,1000,within_band,within_band,0.0,100.0,False
jm3aixw6,1,4,0.01,105,220,1,2,neither,0.0,0.0,0,0,0,0,0,1000,1000,within_band,within_band,0.0,100.0,False
jm3aixw6,1,4,0.01,105,220,1,3,neither,0.0,0.0,0,0,0,0,0,1000,1000,within_band,within_band,0.0,100.0,False
jm3aixw6,1,4,0.01,105,220,1,4,neither,0.0,0.0,0,0,0,0,0,1000,1000,within_band,within_band,0.0,100.0,False
jqv202lw,2,2,0.0,495,220,1,1,neither,0.0280000008642673,0.0,501,512,517,11,16,1000,999,improved,improved,-50.1,49.9,False
jqv202lw,2,2,0.0,495,220,1,2,neither,0.0179999992251396,0.0,501,467,469,-34,-32,1000,999,damaged,damaged,-50.1,49.9,False
jqv202lw,2,2,0.0,495,220,2,1,sign-matching,0.9990000128746032,0.0,501,701,703,200,202,1000,993,improved,improved,-50.1,49.9,False
jqv202lw,2,2,0.0,495,220,2,2,neither,0.7440000176429749,0.016,501,557,558,56,57,1000,1000,improved,improved,-50.1,49.9,False
jr8sjtj3,1,4,0.0,105,220,1,1,neither,0.0020000000949949,0.039,180,227,223,47,43,999,999,improved,improved,-18.0,82.0,False
jr8sjtj3,1,4,0.0,105,220,1,2,neither,0.0260000005364418,0.003,180,173,175,-7,-5,999,999,within_band,within_band,-18.0,82.0,False
jr8sjtj3,1,4,0.0,105,220,1,3,neither,0.0010000000474974,0.02,180,202,200,22,20,999,999,improved,improved,-18.0,82.0,False
jr8sjtj3,1,4,0.0,105,220,1,4,neither,0.0,0.031,180,0,0,-180,-180,999,999,damaged,damaged,-18.0,82.0,False
jt1fc4pt,3,2,0.0,495,161,1,1,neither,0.0260000005364418,0.002,962,962,962,0,0,1000,1000,within_band,within_band,-96.2,3.8,False
jt1fc4pt,3,2,0.0,495,161,1,2,neither,0.0209999997168779,0.0,962,963,963,1,1,1000,1000,within_band,within_band,-96.2,3.8,False
jt1fc4pt,3,2,0.0,495,161,2,1,violation-detecting,0.0,0.861,962,950,950,-12,-12,1000,1000,damaged,damaged,-96.2,3.8,False
jt1fc4pt,3,2,0.0,495,161,2,2,violation-detecting,0.0,0.9,962,712,724,-250,-238,1000,999,damaged,damaged,-96.2,3.8,False
jt1fc4pt,3,2,0.0,495,161,3,1,violation-detecting,0.0,0.87,962,908,907,-54,-55,1000,1000,damaged,damaged,-96.2,3.8,False
jt1fc4pt,3,2,0.0,495,161,3,2,violation-detecting,0.0,0.89,962,908,907,-54,-55,1000,1000,damaged,damaged,-96.2,3.8,False
jt9mhhex,1,2,0.001,109,161,1,1,neither,0.0,0.002,0,0,0,0,0,1000,1000,within_band,within_band,0.0,100.0,False
jt9mhhex,1,2,0.001,109,161,1,2,neither,0.0,0.001,0,0,0,0,0,1000,1000,within_band,within_band,0.0,100.0,False
jxaz4p4b,1,4,0.01,92,161,1,1,neither,0.0,0.0,0,0,0,0,0,1000,1000,within_band,within_band,0.0,100.0,False
jxaz4p4b,1,4,0.01,92,161,1,2,neither,0.0,0.0,0,0,0,0,0,1000,1000,within_band,within_band,0.0,100.0,False
jxaz4p4b,1,4,0.01,92,161,1,3,neither,0.0,0.0,0,0,0,0,0,1000,1000,within_band,within_band,0.0,100.0,False
jxaz4p4b,1,4,0.01,92,161,1,4,neither,0.0,0.0,0,0,0,0,0,1000,1000,within_band,within_band,0.0,100.0,False
k1fw2exp,1,4,0.01,495,161,1,1,neither,0.0,0.0,0,0,0,0,0,1000,1000,within_band,within_band,0.0,100.0,False
k1fw2exp,1,4,0.01,495,161,1,2,neither,0.0,0.0,0,0,0,0,0,1000,1000,within_band,within_band,0.0,100.0,False
k1fw2exp,1,4,0.01,495,161,1,3,neither,0.0,0.0,0,0,0,0,0,1000,1000,within_band,within_band,0.0,100.0,False
k1fw2exp,1,4,0.01,495,161,1,4,neither,0.0,0.0,0,0,0,0,0,1000,1000,within_band,within_band,0.0,100.0,False
k3o9dk0f,1,4,0.001,105,220,1,1,neither,0.0049999998882412,0.029,0,0,0,0,0,999,999,within_band,within_band,0.0,100.0,False
k3o9dk0f,1,4,0.001,105,220,1,2,neither,0.0,0.0,0,0,0,0,0,999,999,within_band,within_band,0.0,100.0,False
k3o9dk0f,1,4,0.001,105,220,1,3,neither,0.0,0.0,0,0,0,0,0,999,999,within_band,within_band,0.0,100.0,False
k3o9dk0f,1,4,0.001,105,220,1,4,neither,0.0,0.0,0,0,0,0,0,999,999,within_band,within_band,0.0,100.0,False
k6de7m68,1,4,0.0,92,231,1,1,neither,0.0020000000949949,0.008,538,515,517,-23,-21,999,999,damaged,damaged,-53.8,46.2,False
k6de7m68,1,4,0.0,92,231,1,2,neither,0.0,0.038,538,528,528,-10,-10,999,999,within_band,within_band,-53.8,46.2,False
k6de7m68,1,4,0.0,92,231,1,3,neither,0.0,0.036,538,0,0,-538,-538,999,999,damaged,damaged,-53.8,46.2,False
k6de7m68,1,4,0.0,92,231,1,4,neither,0.0149999996647238,0.005,538,541,543,3,5,999,999,within_band,within_band,-53.8,46.2,False
k9wknx6b,3,4,0.01,495,231,1,1,neither,0.0,0.0,512,512,512,0,0,998,998,within_band,within_band,-51.2,48.8,False
k9wknx6b,3,4,0.01,495,231,1,2,neither,0.0,0.0,512,512,512,0,0,998,998,within_band,within_band,-51.2,48.8,False
k9wknx6b,3,4,0.01,495,231,1,3,neither,0.0,0.0,512,512,512,0,0,998,998,within_band,within_band,-51.2,48.8,False
k9wknx6b,3,4,0.01,495,231,1,4,neither,0.0,0.0,512,512,512,0,0,998,998,within_band,within_band,-51.2,48.8,False
k9wknx6b,3,4,0.01,495,231,2,1,neither,0.0,0.0,512,512,512,0,0,998,998,within_band,within_band,-51.2,48.8,False
k9wknx6b,3,4,0.01,495,231,2,2,neither,0.0,0.0,512,512,512,0,0,998,998,within_band,within_band,-51.2,48.8,False
k9wknx6b,3,4,0.01,495,231,2,3,neither,0.0,0.0,512,512,512,0,0,998,998,within_band,within_band,-51.2,48.8,False
k9wknx6b,3,4,0.01,495,231,2,4,neither,0.0,0.0,512,512,512,0,0,998,998,within_band,within_band,-51.2,48.8,False
k9wknx6b,3,4,0.01,495,231,3,1,neither,0.0,0.0,512,512,512,0,0,998,998,within_band,within_band,-51.2,48.8,False
k9wknx6b,3,4,0.01,495,231,3,2,neither,0.0,0.0,512,512,512,0,0,998,998,within_band,within_band,-51.2,48.8,False
k9wknx6b,3,4,0.01,495,231,3,3,neither,0.0,0.0,512,512,512,0,0,998,998,within_band,within_band,-51.2,48.8,False
k9wknx6b,3,4,0.01,495,231,3,4,neither,0.0,0.0,512,512,512,0,0,998,998,within_band,within_band,-51.2,48.8,False
khq096d1,1,2,0.0,105,220,1,1,neither,0.0010000000474974,0.012,335,455,460,120,125,1000,1000,improved,improved,-33.5,66.5,False
khq096d1,1,2,0.0,105,220,1,2,neither,0.0,0.026,335,0,0,-335,-335,1000,1000,damaged,damaged,-33.5,66.5,False
kru9uv6f,2,4,0.0,109,161,1,1,neither,0.006000000052154,0.005,613,615,614,2,1,1000,1000,within_band,within_band,-61.3,38.7,False
kru9uv6f,2,4,0.0,109,161,1,2,neither,0.0230000000447034,0.008,613,613,611,0,-2,1000,1000,within_band,within_band,-61.3,38.7,False
kru9uv6f,2,4,0.0,109,161,1,3,neither,0.0149999996647238,0.007,613,610,610,-3,-3,1000,1000,within_band,within_band,-61.3,38.7,False
kru9uv6f,2,4,0.0,109,161,1,4,neither,0.0219999998807907,0.003,613,620,620,7,7,1000,1000,within_band,within_band,-61.3,38.7,False
kru9uv6f,2,4,0.0,109,161,2,1,neither,0.0,0.438,613,576,580,-37,-33,1000,1000,damaged,damaged,-61.3,38.7,False
kru9uv6f,2,4,0.0,109,161,2,2,neither,0.0,0.479,613,571,573,-42,-40,1000,1000,damaged,damaged,-61.3,38.7,False
kru9uv6f,2,4,0.0,109,161,2,3,neither,0.0,0.626,613,551,552,-62,-61,1000,1000,damaged,damaged,-61.3,38.7,False
kru9uv6f,2,4,0.0,109,161,2,4,neither,0.0010000000474974,0.207,613,602,601,-11,-12,1000,1000,damaged,damaged,-61.3,38.7,False
l2ctl6o0,3,2,0.001,109,220,1,1,neither,0.0,0.017,659,659,659,0,0,1000,1000,within_band,within_band,-65.9,34.1,False
l2ctl6o0,3,2,0.001,109,220,1,2,neither,0.0,0.019,659,659,659,0,0,1000,1000,within_band,within_band,-65.9,34.1,False
l2ctl6o0,3,2,0.001,109,220,2,1,neither,0.0,0.0,659,659,659,0,0,1000,1000,within_band,within_band,-65.9,34.1,False
l2ctl6o0,3,2,0.001,109,220,2,2,sign-matching,1.0,0.0,659,848,840,189,181,1000,987,improved,improved,-65.9,34.1,False
l2ctl6o0,3,2,0.001,109,220,3,1,neither,0.0,0.0,659,659,659,0,0,1000,1000,within_band,within_band,-65.9,34.1,False
l2ctl6o0,3,2,0.001,109,220,3,2,neither,0.0,0.0,659,659,659,0,0,1000,1000,within_band,within_band,-65.9,34.1,False
l3w2q7o6,1,2,0.01,495,231,1,1,neither,0.0,0.0,0,0,0,0,0,1000,1000,within_band,within_band,0.0,100.0,False
l3w2q7o6,1,2,0.01,495,231,1,2,neither,0.0070000002160668,0.0,0,0,0,0,0,1000,1000,within_band,within_band,0.0,100.0,False
l3y2ccxm,1,2,0.01,92,231,1,1,neither,0.0,0.0,0,0,0,0,0,1000,1000,within_band,within_band,0.0,100.0,False
l3y2ccxm,1,2,0.01,92,231,1,2,neither,0.0,0.0,0,0,0,0,0,1000,1000,within_band,within_band,0.0,100.0,False
l9uslyu5,3,4,0.01,92,161,1,1,neither,0.0,0.0,28,28,28,0,0,999,999,within_band,within_band,-2.8,97.2,False
l9uslyu5,3,4,0.01,92,161,1,2,neither,0.0,0.0,28,28,28,0,0,999,999,within_band,within_band,-2.8,97.2,False
l9uslyu5,3,4,0.01,92,161,1,3,neither,0.0,0.0,28,28,28,0,0,999,999,within_band,within_band,-2.8,97.2,False
l9uslyu5,3,4,0.01,92,161,1,4,neither,0.0,0.0,28,28,28,0,0,999,999,within_band,within_band,-2.8,97.2,False
l9uslyu5,3,4,0.01,92,161,2,1,neither,0.0,0.0,28,28,28,0,0,999,999,within_band,within_band,-2.8,97.2,False
l9uslyu5,3,4,0.01,92,161,2,2,neither,0.0,0.0,28,28,28,0,0,999,999,within_band,within_band,-2.8,97.2,False
l9uslyu5,3,4,0.01,92,161,2,3,neither,0.0,0.0,28,28,28,0,0,999,999,within_band,within_band,-2.8,97.2,False
l9uslyu5,3,4,0.01,92,161,2,4,neither,0.0,0.0,28,28,28,0,0,999,999,within_band,within_band,-2.8,97.2,False
l9uslyu5,3,4,0.01,92,161,3,1,neither,0.0,0.0,28,28,28,0,0,999,999,within_band,within_band,-2.8,97.2,False
l9uslyu5,3,4,0.01,92,161,3,2,neither,0.0,0.0,28,28,28,0,0,999,999,within_band,within_band,-2.8,97.2,False
l9uslyu5,3,4,0.01,92,161,3,3,neither,0.0,0.0,28,28,28,0,0,999,999,within_band,within_band,-2.8,97.2,False
l9uslyu5,3,4,0.01,92,161,3,4,neither,0.0,0.0,28,28,28,0,0,999,999,within_band,within_band,-2.8,97.2,False
lbumrsrs,2,2,0.01,365,161,1,1,neither,0.0010000000474974,0.0,938,938,938,0,0,999,999,within_band,within_band,-93.8,6.2,False
lbumrsrs,2,2,0.01,365,161,1,2,neither,0.0,0.0,938,938,938,0,0,999,999,within_band,within_band,-93.8,6.2,False
lbumrsrs,2,2,0.01,365,161,2,1,neither,0.0,0.0,938,938,938,0,0,999,999,within_band,within_band,-93.8,6.2,False
lbumrsrs,2,2,0.01,365,161,2,2,sign-matching,0.9710000157356262,0.0,938,993,993,55,55,999,996,improved,improved,-93.8,6.2,False
lc839yij,1,2,0.0,109,231,1,1,neither,0.0,0.036,0,0,0,0,0,999,1000,within_band,within_band,0.0,100.0,False
lc839yij,1,2,0.0,109,231,1,2,neither,0.0270000007003545,0.0,0,0,0,0,0,999,1000,within_band,within_band,0.0,100.0,False
li2shwbr,2,4,0.01,109,231,1,1,neither,0.0,0.0,900,900,900,0,0,999,999,within_band,within_band,-90.0,10.0,False
li2shwbr,2,4,0.01,109,231,1,2,neither,0.0,0.0,900,900,900,0,0,999,999,within_band,within_band,-90.0,10.0,False
li2shwbr,2,4,0.01,109,231,1,3,neither,0.0,0.0,900,900,900,0,0,999,999,within_band,within_band,-90.0,10.0,False
li2shwbr,2,4,0.01,109,231,1,4,neither,0.0,0.0,900,900,900,0,0,999,999,within_band,within_band,-90.0,10.0,False
li2shwbr,2,4,0.01,109,231,2,1,neither,0.0,0.0,900,900,900,0,0,999,999,within_band,within_band,-90.0,10.0,False
li2shwbr,2,4,0.01,109,231,2,2,sign-matching,1.0,0.0,900,941,940,41,40,999,999,improved,improved,-90.0,10.0,False
li2shwbr,2,4,0.01,109,231,2,3,neither,0.0,0.0,900,900,900,0,0,999,999,within_band,within_band,-90.0,10.0,False
li2shwbr,2,4,0.01,109,231,2,4,neither,0.0,0.0,900,900,900,0,0,999,999,within_band,within_band,-90.0,10.0,False
lo79bxlk,1,4,0.0,495,220,1,1,neither,0.0270000007003545,0.003,554,555,558,1,4,1000,999,within_band,within_band,-55.4,44.6,False
lo79bxlk,1,4,0.0,495,220,1,2,neither,0.0240000002086162,0.001,554,554,554,0,0,1000,1000,within_band,within_band,-55.4,44.6,False
lo79bxlk,1,4,0.0,495,220,1,3,neither,0.0,0.024,554,0,0,-554,-554,1000,1000,damaged,damaged,-55.4,44.6,False
lo79bxlk,1,4,0.0,495,220,1,4,neither,0.0070000002160668,0.005,554,554,554,0,0,1000,1000,within_band,within_band,-55.4,44.6,False
lt6dkmxp,3,4,0.001,495,220,1,1,neither,0.0,0.002,915,913,913,-2,-2,999,999,within_band,within_band,-91.5,8.5,False
lt6dkmxp,3,4,0.001,495,220,1,2,neither,0.0,0.002,915,913,913,-2,-2,999,999,within_band,within_band,-91.5,8.5,False
lt6dkmxp,3,4,0.001,495,220,1,3,neither,0.0,0.002,915,913,913,-2,-2,999,999,within_band,within_band,-91.5,8.5,False
lt6dkmxp,3,4,0.001,495,220,1,4,neither,0.0,0.002,915,914,914,-1,-1,999,999,within_band,within_band,-91.5,8.5,False
lt6dkmxp,3,4,0.001,495,220,2,1,neither,0.0,0.0,915,915,915,0,0,999,999,within_band,within_band,-91.5,8.5,False
lt6dkmxp,3,4,0.001,495,220,2,2,neither,0.0,0.0,915,915,915,0,0,999,999,within_band,within_band,-91.5,8.5,False
lt6dkmxp,3,4,0.001,495,220,2,3,neither,0.0,0.0,915,915,915,0,0,999,999,within_band,within_band,-91.5,8.5,False
lt6dkmxp,3,4,0.001,495,220,2,4,neither,0.0,0.0,915,915,915,0,0,999,999,within_band,within_band,-91.5,8.5,False
lt6dkmxp,3,4,0.001,495,220,3,1,neither,0.0,0.0,915,915,915,0,0,999,999,within_band,within_band,-91.5,8.5,False
lt6dkmxp,3,4,0.001,495,220,3,2,neither,0.0,0.0,915,915,915,0,0,999,999,within_band,within_band,-91.5,8.5,False
lt6dkmxp,3,4,0.001,495,220,3,3,neither,0.0,0.0,915,915,915,0,0,999,999,within_band,within_band,-91.5,8.5,False
lt6dkmxp,3,4,0.001,495,220,3,4,violation-detecting,0.0040000001899898,0.996,915,731,741,-184,-174,999,983,damaged,damaged,-91.5,8.5,False
md0hliat,1,2,0.0,109,220,1,1,neither,0.0209999997168779,0.001,0,0,0,0,0,1000,1000,within_band,within_band,0.0,100.0,False
md0hliat,1,2,0.0,109,220,1,2,neither,0.0,0.037,0,0,0,0,0,1000,1000,within_band,within_band,0.0,100.0,False
mf8m1f20,3,2,0.01,109,161,1,1,neither,0.0,0.0,620,620,620,0,0,999,999,within_band,within_band,-62.0,38.0,False
mf8m1f20,3,2,0.01,109,161,1,2,neither,0.0,0.0,620,620,620,0,0,999,999,within_band,within_band,-62.0,38.0,False
mf8m1f20,3,2,0.01,109,161,2,1,neither,0.0,0.0,620,620,620,0,0,999,999,within_band,within_band,-62.0,38.0,False
mf8m1f20,3,2,0.01,109,161,2,2,neither,0.0,0.0,620,620,620,0,0,999,999,within_band,within_band,-62.0,38.0,False
mf8m1f20,3,2,0.01,109,161,3,1,neither,0.0,0.0,620,620,620,0,0,999,999,within_band,within_band,-62.0,38.0,False
mf8m1f20,3,2,0.01,109,161,3,2,neither,0.0,0.0,620,620,620,0,0,999,999,within_band,within_band,-62.0,38.0,False
mgz4iva7,1,2,0.0,495,161,1,1,neither,0.0,0.035,508,2,7,-506,-501,1000,998,damaged,damaged,-50.8,49.2,False
mgz4iva7,1,2,0.0,495,161,1,2,neither,0.0240000002086162,0.0,508,411,413,-97,-95,1000,1000,damaged,damaged,-50.8,49.2,False
n066ckp6,3,2,0.001,365,231,1,1,neither,0.0,0.0,394,394,394,0,0,1000,1000,within_band,within_band,-39.4,60.6,False
n066ckp6,3,2,0.001,365,231,1,2,neither,0.0,0.0,394,394,394,0,0,1000,1000,within_band,within_band,-39.4,60.6,False
n066ckp6,3,2,0.001,365,231,2,1,neither,0.0140000004321336,0.0,394,393,393,-1,-1,1000,1000,within_band,within_band,-39.4,60.6,False
n066ckp6,3,2,0.001,365,231,2,2,neither,0.0209999997168779,0.0,394,394,394,0,0,1000,1000,within_band,within_band,-39.4,60.6,False
n066ckp6,3,2,0.001,365,231,3,1,neither,0.0,0.0,394,394,394,0,0,1000,1000,within_band,within_band,-39.4,60.6,False
n066ckp6,3,2,0.001,365,231,3,2,neither,0.0,0.0,394,394,394,0,0,1000,1000,within_band,within_band,-39.4,60.6,False
n9hxu7u9,3,2,0.01,495,161,1,1,neither,0.0,0.0,319,319,319,0,0,999,999,within_band,within_band,-31.9,68.1,False
n9hxu7u9,3,2,0.01,495,161,1,2,neither,0.0,0.0,319,319,319,0,0,999,999,within_band,within_band,-31.9,68.1,False
n9hxu7u9,3,2,0.01,495,161,2,1,neither,0.0,0.0,319,319,319,0,0,999,999,within_band,within_band,-31.9,68.1,False
n9hxu7u9,3,2,0.01,495,161,2,2,neither,0.0,0.0,319,319,319,0,0,999,999,within_band,within_band,-31.9,68.1,False
n9hxu7u9,3,2,0.01,495,161,3,1,neither,0.0,0.0,319,319,319,0,0,999,999,within_band,within_band,-31.9,68.1,False
n9hxu7u9,3,2,0.01,495,161,3,2,neither,0.0,0.0,319,319,319,0,0,999,999,within_band,within_band,-31.9,68.1,False
nlsptubu,3,2,0.01,92,220,1,1,neither,0.0010000000474974,0.0,0,0,0,0,0,1000,1000,within_band,within_band,0.0,100.0,False
nlsptubu,3,2,0.01,92,220,1,2,neither,0.0,0.0,0,0,0,0,0,1000,1000,within_band,within_band,0.0,100.0,False
nlsptubu,3,2,0.01,92,220,2,1,neither,0.0,0.0,0,0,0,0,0,1000,1000,within_band,within_band,0.0,100.0,False
nlsptubu,3,2,0.01,92,220,2,2,neither,0.0,0.0,0,0,0,0,0,1000,1000,within_band,within_band,0.0,100.0,False
nlsptubu,3,2,0.01,92,220,3,1,neither,0.0,0.0,0,0,0,0,0,1000,1000,within_band,within_band,0.0,100.0,False
nlsptubu,3,2,0.01,92,220,3,2,neither,0.0,0.0,0,0,0,0,0,1000,1000,within_band,within_band,0.0,100.0,False
no73f476,1,2,0.01,109,161,1,1,neither,0.0,0.0,0,0,0,0,0,1000,1000,within_band,within_band,0.0,100.0,False
no73f476,1,2,0.01,109,161,1,2,neither,0.0,0.0,0,0,0,0,0,1000,1000,within_band,within_band,0.0,100.0,False
o5k5uju3,3,2,0.0,105,161,1,1,neither,0.0179999992251396,0.003,481,486,484,5,3,1000,1000,within_band,within_band,-48.1,51.9,False
o5k5uju3,3,2,0.0,105,161,1,2,neither,0.0089999996125698,0.007,481,490,490,9,9,1000,1000,within_band,within_band,-48.1,51.9,False
o5k5uju3,3,2,0.0,105,161,2,1,neither,0.0,0.0,481,461,461,-20,-20,1000,1000,damaged,damaged,-48.1,51.9,False
o5k5uju3,3,2,0.0,105,161,2,2,neither,0.0,0.002,481,460,456,-21,-25,1000,1000,damaged,damaged,-48.1,51.9,False
o5k5uju3,3,2,0.0,105,161,3,1,neither,0.1550000011920929,0.032,481,493,495,12,14,1000,999,improved,improved,-48.1,51.9,False
o5k5uju3,3,2,0.0,105,161,3,2,neither,0.0,0.255,481,468,474,-13,-7,1000,1000,damaged,within_band,-48.1,51.9,False
o5pg5z8t,1,4,0.001,495,231,1,1,neither,0.0,0.0,0,0,0,0,0,999,999,within_band,within_band,0.0,100.0,False
o5pg5z8t,1,4,0.001,495,231,1,2,neither,0.0,0.003,0,0,0,0,0,999,999,within_band,within_band,0.0,100.0,False
o5pg5z8t,1,4,0.001,495,231,1,3,neither,0.0,0.0,0,0,0,0,0,999,999,within_band,within_band,0.0,100.0,False
o5pg5z8t,1,4,0.001,495,231,1,4,neither,0.0,0.0,0,0,0,0,0,999,999,within_band,within_band,0.0,100.0,False
o9cnk8bi,2,4,0.0,92,231,1,1,neither,0.0080000003799796,0.004,764,762,764,-2,0,999,999,within_band,within_band,-76.4,23.6,False
o9cnk8bi,2,4,0.0,92,231,1,2,neither,0.0179999992251396,0.005,764,762,763,-2,-1,999,999,within_band,within_band,-76.4,23.6,False
o9cnk8bi,2,4,0.0,92,231,1,3,neither,0.0149999996647238,0.002,764,761,766,-3,2,999,999,within_band,within_band,-76.4,23.6,False
o9cnk8bi,2,4,0.0,92,231,1,4,neither,0.0080000003799796,0.007,764,769,773,5,9,999,999,within_band,within_band,-76.4,23.6,False
o9cnk8bi,2,4,0.0,92,231,2,1,neither,0.7549999952316284,0.011,764,793,792,29,28,999,999,improved,improved,-76.4,23.6,False
o9cnk8bi,2,4,0.0,92,231,2,2,neither,0.0189999993890523,0.736,764,749,747,-15,-17,999,999,damaged,damaged,-76.4,23.6,False
o9cnk8bi,2,4,0.0,92,231,2,3,neither,0.1309999972581863,0.401,764,757,758,-7,-6,999,999,within_band,within_band,-76.4,23.6,False
o9cnk8bi,2,4,0.0,92,231,2,4,sign-matching,0.8320000171661377,0.029,764,787,783,23,19,999,999,improved,improved,-76.4,23.6,False
ocg2mtkz,2,4,0.001,109,231,1,1,neither,0.0,0.015,795,795,795,0,0,999,999,within_band,within_band,-79.5,20.5,False
ocg2mtkz,2,4,0.001,109,231,1,2,neither,0.0,0.015,795,795,795,0,0,999,999,within_band,within_band,-79.5,20.5,False
ocg2mtkz,2,4,0.001,109,231,1,3,neither,0.0,0.016,795,795,795,0,0,999,999,within_band,within_band,-79.5,20.5,False
ocg2mtkz,2,4,0.001,109,231,1,4,neither,0.0,0.011,795,795,795,0,0,999,999,within_band,within_band,-79.5,20.5,False
ocg2mtkz,2,4,0.001,109,231,2,1,neither,0.0,0.0,795,795,795,0,0,999,999,within_band,within_band,-79.5,20.5,False
ocg2mtkz,2,4,0.001,109,231,2,2,sign-matching,0.8320000171661377,0.168,795,844,855,49,60,999,983,improved,improved,-79.5,20.5,False
ocg2mtkz,2,4,0.001,109,231,2,3,neither,0.0,0.0,795,795,795,0,0,999,999,within_band,within_band,-79.5,20.5,False
ocg2mtkz,2,4,0.001,109,231,2,4,neither,0.0,0.0,795,795,795,0,0,999,999,within_band,within_band,-79.5,20.5,False
of8q8xdv,1,2,0.01,365,220,1,1,neither,0.0099999997764825,0.0,0,0,0,0,0,999,999,within_band,within_band,0.0,100.0,False
of8q8xdv,1,2,0.01,365,220,1,2,neither,0.0,0.0,0,0,0,0,0,999,999,within_band,within_band,0.0,100.0,False
of9cgxs3,2,4,0.0,365,231,1,1,neither,0.006000000052154,0.006,789,792,790,3,1,999,999,within_band,within_band,-78.9,21.1,False
of9cgxs3,2,4,0.0,365,231,1,2,neither,0.0010000000474974,0.014,789,790,789,1,0,999,999,within_band,within_band,-78.9,21.1,False
of9cgxs3,2,4,0.0,365,231,1,3,neither,0.0010000000474974,0.012,789,790,790,1,1,999,999,within_band,within_band,-78.9,21.1,False
of9cgxs3,2,4,0.0,365,231,1,4,neither,0.0,0.003,789,794,792,5,3,999,999,within_band,within_band,-78.9,21.1,False
of9cgxs3,2,4,0.0,365,231,2,1,neither,0.0020000000949949,0.444,789,750,753,-39,-36,999,999,damaged,damaged,-78.9,21.1,False
of9cgxs3,2,4,0.0,365,231,2,2,neither,0.0020000000949949,0.466,789,782,782,-7,-7,999,999,within_band,within_band,-78.9,21.1,False
of9cgxs3,2,4,0.0,365,231,2,3,neither,0.0020000000949949,0.455,789,766,774,-23,-15,999,999,damaged,damaged,-78.9,21.1,False
of9cgxs3,2,4,0.0,365,231,2,4,neither,0.0010000000474974,0.495,789,786,787,-3,-2,999,999,within_band,within_band,-78.9,21.1,False
oqtv3b1y,3,2,0.0,495,231,1,1,neither,0.0020000000949949,0.006,618,645,646,27,28,1000,1000,improved,improved,-61.8,38.2,False
oqtv3b1y,3,2,0.0,495,231,1,2,neither,0.0120000001043081,0.016,618,596,605,-22,-13,1000,1000,damaged,damaged,-61.8,38.2,False
oqtv3b1y,3,2,0.0,495,231,2,1,neither,0.0010000000474974,0.553,618,554,565,-64,-53,1000,1000,damaged,damaged,-61.8,38.2,False
oqtv3b1y,3,2,0.0,495,231,2,2,neither,0.0,0.374,618,313,315,-305,-303,1000,999,damaged,damaged,-61.8,38.2,False
oqtv3b1y,3,2,0.0,495,231,3,1,neither,0.1770000010728836,0.48,618,602,602,-16,-16,1000,1000,damaged,damaged,-61.8,38.2,False
oqtv3b1y,3,2,0.0,495,231,3,2,neither,0.0359999984502792,0.642,618,616,616,-2,-2,1000,1000,within_band,within_band,-61.8,38.2,False
ovoo94zl,1,2,0.001,365,231,1,1,neither,0.0230000000447034,0.0,0,0,0,0,0,999,999,within_band,within_band,0.0,100.0,False
ovoo94zl,1,2,0.001,365,231,1,2,neither,0.0,0.0,0,0,0,0,0,999,999,within_band,within_band,0.0,100.0,False
oztpx1dr,2,2,0.0,365,220,1,1,neither,0.0,0.012,574,626,631,52,57,1000,1000,improved,improved,-57.4,42.6,False
oztpx1dr,2,2,0.0,365,220,1,2,neither,0.0,0.004,574,603,605,29,31,1000,1000,improved,improved,-57.4,42.6,False
oztpx1dr,2,2,0.0,365,220,2,1,neither,0.0299999993294477,0.021,574,447,445,-127,-129,1000,1000,damaged,damaged,-57.4,42.6,False
oztpx1dr,2,2,0.0,365,220,2,2,neither,0.0260000005364418,0.022,574,484,478,-90,-96,1000,1000,damaged,damaged,-57.4,42.6,False
p2chsvxk,1,4,0.0,495,161,1,1,neither,0.0439999997615814,0.0,541,520,521,-21,-20,1000,1000,damaged,damaged,-54.1,45.9,False
p2chsvxk,1,4,0.0,495,161,1,2,neither,0.0439999997615814,0.005,541,532,534,-9,-7,1000,1000,within_band,within_band,-54.1,45.9,False
p2chsvxk,1,4,0.0,495,161,1,3,neither,0.0,0.037,541,0,1,-541,-540,1000,1000,damaged,damaged,-54.1,45.9,False
p2chsvxk,1,4,0.0,495,161,1,4,neither,0.0270000007003545,0.0,541,535,537,-6,-4,1000,993,within_band,within_band,-54.1,45.9,False
p4dafhyj,1,2,0.01,92,161,1,1,neither,0.0020000000949949,0.0,0,0,0,0,0,1000,1000,within_band,within_band,0.0,100.0,False
p4dafhyj,1,2,0.01,92,161,1,2,neither,0.0,0.0,0,0,0,0,0,1000,1000,within_band,within_band,0.0,100.0,False
p9fz29xa,1,4,0.0,365,161,1,1,neither,0.0080000003799796,0.023,553,553,553,0,0,1000,1000,within_band,within_band,-55.3,44.7,False
p9fz29xa,1,4,0.0,365,161,1,2,neither,0.0179999992251396,0.006,553,552,552,-1,-1,1000,1000,within_band,within_band,-55.3,44.7,False
p9fz29xa,1,4,0.0,365,161,1,3,neither,0.0049999998882412,0.013,553,553,553,0,0,1000,1000,within_band,within_band,-55.3,44.7,False
p9fz29xa,1,4,0.0,365,161,1,4,neither,0.0,0.038,553,0,0,-553,-553,1000,1000,damaged,damaged,-55.3,44.7,False
pbi3va8j,1,4,0.001,105,231,1,1,neither,0.0,0.015,0,0,0,0,0,999,999,within_band,within_band,0.0,100.0,False
pbi3va8j,1,4,0.001,105,231,1,2,neither,0.0160000007599592,0.0,0,0,0,0,0,999,999,within_band,within_band,0.0,100.0,False
pbi3va8j,1,4,0.001,105,231,1,3,neither,0.0,0.0,0,0,0,0,0,999,999,within_band,within_band,0.0,100.0,False
pbi3va8j,1,4,0.001,105,231,1,4,neither,0.0,0.0,0,0,0,0,0,999,999,within_band,within_band,0.0,100.0,False
pf2l4buj,3,4,0.0,92,161,1,1,neither,0.0089999996125698,0.011,550,547,547,-3,-3,1000,1000,within_band,within_band,-55.0,45.0,False
pf2l4buj,3,4,0.0,92,161,1,2,neither,0.0149999996647238,0.008,550,542,547,-8,-3,1000,1000,within_band,within_band,-55.0,45.0,False
pf2l4buj,3,4,0.0,92,161,1,3,neither,0.0309999994933605,0.0,550,533,533,-17,-17,1000,1000,damaged,damaged,-55.0,45.0,False
pf2l4buj,3,4,0.0,92,161,1,4,neither,0.0170000009238719,0.0,550,549,549,-1,-1,1000,1000,within_band,within_band,-55.0,45.0,False
pf2l4buj,3,4,0.0,92,161,2,1,neither,0.0,0.067,550,558,559,8,9,1000,1000,within_band,within_band,-55.0,45.0,False
pf2l4buj,3,4,0.0,92,161,2,2,neither,0.0040000001899898,0.008,550,544,544,-6,-6,1000,1000,within_band,within_band,-55.0,45.0,False
pf2l4buj,3,4,0.0,92,161,2,3,neither,0.0,0.012,550,580,581,30,31,1000,1000,improved,improved,-55.0,45.0,False
pf2l4buj,3,4,0.0,92,161,2,4,neither,0.0089999996125698,0.032,550,621,621,71,71,1000,1000,improved,improved,-55.0,45.0,False
pf2l4buj,3,4,0.0,92,161,3,1,neither,0.006000000052154,0.292,550,455,462,-95,-88,1000,1000,damaged,damaged,-55.0,45.0,False
pf2l4buj,3,4,0.0,92,161,3,2,neither,0.0040000001899898,0.347,550,522,523,-28,-27,1000,1000,damaged,damaged,-55.0,45.0,False
pf2l4buj,3,4,0.0,92,161,3,3,neither,0.0070000002160668,0.331,550,468,476,-82,-74,1000,1000,damaged,damaged,-55.0,45.0,False
pf2l4buj,3,4,0.0,92,161,3,4,neither,0.0,0.36,550,492,493,-58,-57,1000,1000,damaged,damaged,-55.0,45.0,False
pifwd2xy,3,4,0.001,105,161,1,1,neither,0.0,0.0,225,225,225,0,0,1000,1000,within_band,within_band,-22.5,77.5,False
pifwd2xy,3,4,0.001,105,161,1,2,neither,0.0,0.0,225,225,225,0,0,1000,1000,within_band,within_band,-22.5,77.5,False
pifwd2xy,3,4,0.001,105,161,1,3,neither,0.0,0.0,225,225,225,0,0,1000,1000,within_band,within_band,-22.5,77.5,False
pifwd2xy,3,4,0.001,105,161,1,4,neither,0.0,0.0,225,225,225,0,0,1000,1000,within_band,within_band,-22.5,77.5,False
pifwd2xy,3,4,0.001,105,161,2,1,neither,0.0,0.008,225,225,225,0,0,1000,1000,within_band,within_band,-22.5,77.5,False
pifwd2xy,3,4,0.001,105,161,2,2,neither,0.0,0.001,225,225,225,0,0,1000,1000,within_band,within_band,-22.5,77.5,False
pifwd2xy,3,4,0.001,105,161,2,3,neither,0.0,0.042,225,225,225,0,0,1000,1000,within_band,within_band,-22.5,77.5,False
pifwd2xy,3,4,0.001,105,161,2,4,neither,0.0,0.037,225,225,225,0,0,1000,1000,within_band,within_band,-22.5,77.5,False
pifwd2xy,3,4,0.001,105,161,3,1,neither,0.0,0.0,225,225,225,0,0,1000,1000,within_band,within_band,-22.5,77.5,False
pifwd2xy,3,4,0.001,105,161,3,2,neither,0.0,0.0,225,225,225,0,0,1000,1000,within_band,within_band,-22.5,77.5,False
pifwd2xy,3,4,0.001,105,161,3,3,neither,0.0,0.0,225,225,225,0,0,1000,1000,within_band,within_band,-22.5,77.5,False
pifwd2xy,3,4,0.001,105,161,3,4,neither,0.0,0.0,225,225,225,0,0,1000,1000,within_band,within_band,-22.5,77.5,False
pnkimtdo,3,2,0.01,105,231,1,1,neither,0.0,0.0,1,1,1,0,0,1000,1000,within_band,within_band,-0.1,99.9,False
pnkimtdo,3,2,0.01,105,231,1,2,neither,0.0,0.0,1,1,1,0,0,1000,1000,within_band,within_band,-0.1,99.9,False
pnkimtdo,3,2,0.01,105,231,2,1,neither,0.0,0.0,1,1,1,0,0,1000,1000,within_band,within_band,-0.1,99.9,False
pnkimtdo,3,2,0.01,105,231,2,2,neither,0.0,0.0,1,1,1,0,0,1000,1000,within_band,within_band,-0.1,99.9,False
pnkimtdo,3,2,0.01,105,231,3,1,neither,0.0,0.0,1,1,1,0,0,1000,1000,within_band,within_band,-0.1,99.9,False
pnkimtdo,3,2,0.01,105,231,3,2,neither,0.0,0.0,1,1,1,0,0,1000,1000,within_band,within_band,-0.1,99.9,False
ptbvr5ya,1,2,0.01,92,220,1,1,neither,0.0,0.0,0,0,0,0,0,1000,1000,within_band,within_band,0.0,100.0,False
ptbvr5ya,1,2,0.01,92,220,1,2,neither,0.0,0.0,0,0,0,0,0,1000,1000,within_band,within_band,0.0,100.0,False
pvyk3bob,2,4,0.001,365,220,1,1,neither,0.0020000000949949,0.0,748,748,748,0,0,997,997,within_band,within_band,-74.8,25.2,False
pvyk3bob,2,4,0.001,365,220,1,2,neither,0.0010000000474974,0.009,748,748,748,0,0,997,997,within_band,within_band,-74.8,25.2,False
pvyk3bob,2,4,0.001,365,220,1,3,neither,0.0179999992251396,0.008,748,748,748,0,0,997,997,within_band,within_band,-74.8,25.2,False
pvyk3bob,2,4,0.001,365,220,1,4,neither,0.006000000052154,0.0,748,748,748,0,0,997,997,within_band,within_band,-74.8,25.2,False
pvyk3bob,2,4,0.001,365,220,2,1,neither,0.0,0.0,748,748,748,0,0,997,997,within_band,within_band,-74.8,25.2,False
pvyk3bob,2,4,0.001,365,220,2,2,neither,0.0,0.0,748,748,748,0,0,997,997,within_band,within_band,-74.8,25.2,False
pvyk3bob,2,4,0.001,365,220,2,3,neither,0.0,0.0,748,748,748,0,0,997,997,within_band,within_band,-74.8,25.2,False
pvyk3bob,2,4,0.001,365,220,2,4,neither,0.6510000228881836,0.0,748,930,924,182,176,997,943,improved,improved,-74.8,25.2,False
qfd7tbtr,1,4,0.01,92,220,1,1,neither,0.0,0.0,0,0,0,0,0,1000,1000,within_band,within_band,0.0,100.0,False
qfd7tbtr,1,4,0.01,92,220,1,2,neither,0.0,0.0,0,0,0,0,0,1000,1000,within_band,within_band,0.0,100.0,False
qfd7tbtr,1,4,0.01,92,220,1,3,neither,0.0,0.0,0,0,0,0,0,1000,1000,within_band,within_band,0.0,100.0,False
qfd7tbtr,1,4,0.01,92,220,1,4,neither,0.0,0.0,0,0,0,0,0,1000,1000,within_band,within_band,0.0,100.0,False
qr3xsty7,3,2,0.01,495,231,1,1,neither,0.0,0.0,764,764,764,0,0,999,999,within_band,within_band,-76.4,23.6,False
qr3xsty7,3,2,0.01,495,231,1,2,neither,0.0,0.0,764,764,764,0,0,999,999,within_band,within_band,-76.4,23.6,False
qr3xsty7,3,2,0.01,495,231,2,1,neither,0.0,0.0,764,764,764,0,0,999,999,within_band,within_band,-76.4,23.6,False
qr3xsty7,3,2,0.01,495,231,2,2,neither,0.0,0.0,764,764,764,0,0,999,999,within_band,within_band,-76.4,23.6,False
qr3xsty7,3,2,0.01,495,231,3,1,neither,0.0,0.0,764,764,764,0,0,999,999,within_band,within_band,-76.4,23.6,False
qr3xsty7,3,2,0.01,495,231,3,2,neither,0.0,0.0,764,764,764,0,0,999,999,within_band,within_band,-76.4,23.6,False
qtda56zd,2,2,0.001,92,161,1,1,neither,0.0,0.006,665,653,653,-12,-12,999,999,damaged,damaged,-66.5,33.5,False
qtda56zd,2,2,0.001,92,161,1,2,neither,0.0,0.006,665,651,652,-14,-13,999,999,damaged,damaged,-66.5,33.5,False
qtda56zd,2,2,0.001,92,161,2,1,neither,0.0,0.0,665,665,665,0,0,999,999,within_band,within_band,-66.5,33.5,False
qtda56zd,2,2,0.001,92,161,2,2,sign-matching,0.9490000009536744,0.051,665,769,794,104,129,999,975,improved,improved,-66.5,33.5,False
qw2o217v,2,2,0.01,92,231,1,1,neither,0.0,0.0,922,922,922,0,0,999,999,within_band,within_band,-92.2,7.8,False
qw2o217v,2,2,0.01,92,231,1,2,neither,0.006000000052154,0.0,922,922,922,0,0,999,999,within_band,within_band,-92.2,7.8,False
qw2o217v,2,2,0.01,92,231,2,1,neither,0.0,0.0,922,922,922,0,0,999,999,within_band,within_band,-92.2,7.8,False
qw2o217v,2,2,0.01,92,231,2,2,sign-matching,0.9860000014305116,0.0,922,935,935,13,13,999,999,improved,improved,-92.2,7.8,False
qzndq9pi,2,2,0.001,495,161,1,1,neither,0.0040000001899898,0.0,771,771,771,0,0,999,999,within_band,within_band,-77.1,22.9,False
qzndq9pi,2,2,0.001,495,161,1,2,neither,0.0040000001899898,0.0,771,771,771,0,0,999,999,within_band,within_band,-77.1,22.9,False
qzndq9pi,2,2,0.001,495,161,2,1,sign-matching,0.8240000009536743,0.158,771,823,837,52,66,999,977,improved,improved,-77.1,22.9,False
qzndq9pi,2,2,0.001,495,161,2,2,neither,0.0,0.0,771,771,771,0,0,999,999,within_band,within_band,-77.1,22.9,False
r2prk30x,3,2,0.01,92,161,1,1,neither,0.0,0.0,800,800,800,0,0,999,999,within_band,within_band,-80.0,20.0,False
r2prk30x,3,2,0.01,92,161,1,2,neither,0.0,0.0,800,800,800,0,0,999,999,within_band,within_band,-80.0,20.0,False
r2prk30x,3,2,0.01,92,161,2,1,neither,0.0,0.0,800,800,800,0,0,999,999,within_band,within_band,-80.0,20.0,False
r2prk30x,3,2,0.01,92,161,2,2,neither,0.0,0.0,800,800,800,0,0,999,999,within_band,within_band,-80.0,20.0,False
r2prk30x,3,2,0.01,92,161,3,1,neither,0.0,0.0,800,800,800,0,0,999,999,within_band,within_band,-80.0,20.0,False
r2prk30x,3,2,0.01,92,161,3,2,neither,0.0,0.0,800,800,800,0,0,999,999,within_band,within_band,-80.0,20.0,False
rcyp7nir,3,4,0.0,92,220,1,1,neither,0.0070000002160668,0.004,571,562,562,-9,-9,1000,1000,within_band,within_band,-57.1,42.9,False
rcyp7nir,3,4,0.0,92,220,1,2,neither,0.003000000026077,0.011,571,559,562,-12,-9,1000,1000,damaged,within_band,-57.1,42.9,False
rcyp7nir,3,4,0.0,92,220,1,3,neither,0.0109999999403953,0.0,571,571,573,0,2,1000,1000,within_band,within_band,-57.1,42.9,False
rcyp7nir,3,4,0.0,92,220,1,4,neither,0.0,0.014,571,553,555,-18,-16,1000,1000,damaged,damaged,-57.1,42.9,False
rcyp7nir,3,4,0.0,92,220,2,1,violation-detecting,0.0020000000949949,0.965,571,561,564,-10,-7,1000,1000,within_band,within_band,-57.1,42.9,False
rcyp7nir,3,4,0.0,92,220,2,2,violation-detecting,0.0,0.917,571,571,571,0,0,1000,1000,within_band,within_band,-57.1,42.9,False
rcyp7nir,3,4,0.0,92,220,2,3,violation-detecting,0.0,0.968,571,563,566,-8,-5,1000,1000,within_band,within_band,-57.1,42.9,False
rcyp7nir,3,4,0.0,92,220,2,4,violation-detecting,0.0,0.972,571,540,542,-31,-29,1000,1000,damaged,damaged,-57.1,42.9,False
rcyp7nir,3,4,0.0,92,220,3,1,neither,0.1019999980926513,0.0,571,538,540,-33,-31,1000,1000,damaged,damaged,-57.1,42.9,False
rcyp7nir,3,4,0.0,92,220,3,2,neither,0.1019999980926513,0.0,571,549,547,-22,-24,1000,1000,damaged,damaged,-57.1,42.9,False
rcyp7nir,3,4,0.0,92,220,3,3,neither,0.0,0.63,571,522,528,-49,-43,1000,1000,damaged,damaged,-57.1,42.9,False
rcyp7nir,3,4,0.0,92,220,3,4,neither,0.1030000001192092,0.0,571,552,553,-19,-18,1000,1000,damaged,damaged,-57.1,42.9,False
rfexlvg9,1,2,0.01,105,161,1,1,neither,0.0,0.0,0,0,0,0,0,999,999,within_band,within_band,0.0,100.0,False
rfexlvg9,1,2,0.01,105,161,1,2,neither,0.0,0.008,0,0,0,0,0,999,999,within_band,within_band,0.0,100.0,False
rjzaa8z4,1,2,0.01,105,220,1,1,neither,0.0,0.0,0,0,0,0,0,1000,1000,within_band,within_band,0.0,100.0,False
rjzaa8z4,1,2,0.01,105,220,1,2,neither,0.0010000000474974,0.0,0,0,0,0,0,1000,1000,within_band,within_band,0.0,100.0,False
rk7gjukg,3,4,0.01,92,231,1,1,neither,0.0,0.0,0,0,0,0,0,999,999,within_band,within_band,0.0,100.0,False
rk7gjukg,3,4,0.01,92,231,1,2,neither,0.0,0.0,0,0,0,0,0,999,999,within_band,within_band,0.0,100.0,False
rk7gjukg,3,4,0.01,92,231,1,3,neither,0.0,0.0,0,0,0,0,0,999,999,within_band,within_band,0.0,100.0,False
rk7gjukg,3,4,0.01,92,231,1,4,neither,0.0,0.0,0,0,0,0,0,999,999,within_band,within_band,0.0,100.0,False
rk7gjukg,3,4,0.01,92,231,2,1,neither,0.0,0.0,0,0,0,0,0,999,999,within_band,within_band,0.0,100.0,False
rk7gjukg,3,4,0.01,92,231,2,2,neither,0.0,0.0,0,0,0,0,0,999,999,within_band,within_band,0.0,100.0,False
rk7gjukg,3,4,0.01,92,231,2,3,neither,0.0,0.0,0,0,0,0,0,999,999,within_band,within_band,0.0,100.0,False
rk7gjukg,3,4,0.01,92,231,2,4,neither,0.0,0.0,0,0,0,0,0,999,999,within_band,within_band,0.0,100.0,False
rk7gjukg,3,4,0.01,92,231,3,1,neither,0.0,0.0,0,0,0,0,0,999,999,within_band,within_band,0.0,100.0,False
rk7gjukg,3,4,0.01,92,231,3,2,neither,0.0,0.0,0,0,0,0,0,999,999,within_band,within_band,0.0,100.0,False
rk7gjukg,3,4,0.01,92,231,3,3,neither,0.0,0.0,0,0,0,0,0,999,999,within_band,within_band,0.0,100.0,False
rk7gjukg,3,4,0.01,92,231,3,4,neither,0.0,0.0,0,0,0,0,0,999,999,within_band,within_band,0.0,100.0,False
rz84ka7a,2,4,0.001,365,231,1,1,neither,0.0109999999403953,0.0,801,802,802,1,1,999,999,within_band,within_band,-80.1,19.9,False
rz84ka7a,2,4,0.001,365,231,1,2,neither,0.0109999999403953,0.0,801,802,802,1,1,999,999,within_band,within_band,-80.1,19.9,False
rz84ka7a,2,4,0.001,365,231,1,3,neither,0.0109999999403953,0.0,801,802,802,1,1,999,999,within_band,within_band,-80.1,19.9,False
rz84ka7a,2,4,0.001,365,231,1,4,neither,0.0099999997764825,0.0,801,803,803,2,2,999,999,within_band,within_band,-80.1,19.9,False
rz84ka7a,2,4,0.001,365,231,2,1,neither,0.0,0.0,801,801,801,0,0,999,999,within_band,within_band,-80.1,19.9,False
rz84ka7a,2,4,0.001,365,231,2,2,neither,0.0,0.0,801,801,801,0,0,999,999,within_band,within_band,-80.1,19.9,False
rz84ka7a,2,4,0.001,365,231,2,3,neither,0.0,0.0,801,801,801,0,0,999,999,within_band,within_band,-80.1,19.9,False
rz84ka7a,2,4,0.001,365,231,2,4,neither,0.3959999978542328,0.603,801,775,785,-26,-16,999,975,damaged,damaged,-80.1,19.9,False
rzgtqqu0,3,2,0.0,365,161,1,1,neither,0.0289999991655349,0.0,616,649,645,33,29,1000,1000,improved,improved,-61.6,38.4,False
rzgtqqu0,3,2,0.0,365,161,1,2,neither,0.0299999993294477,0.0,616,642,645,26,29,1000,1000,improved,improved,-61.6,38.4,False
rzgtqqu0,3,2,0.0,365,161,2,1,neither,0.2319999933242797,0.43,616,617,617,1,1,1000,1000,within_band,within_band,-61.6,38.4,False
rzgtqqu0,3,2,0.0,365,161,2,2,neither,0.1959999948740005,0.453,616,611,614,-5,-2,1000,1000,within_band,within_band,-61.6,38.4,False
rzgtqqu0,3,2,0.0,365,161,3,1,neither,0.0010000000474974,0.093,616,616,617,0,1,1000,1000,within_band,within_band,-61.6,38.4,False
rzgtqqu0,3,2,0.0,365,161,3,2,neither,0.0240000002086162,0.032,616,616,615,0,-1,1000,1000,within_band,within_band,-61.6,38.4,False
sekevna7,3,4,0.0,365,161,1,1,neither,0.0070000002160668,0.001,770,767,773,-3,3,1000,1000,within_band,within_band,-77.0,23.0,False
sekevna7,3,4,0.0,365,161,1,2,neither,0.003000000026077,0.001,770,768,770,-2,0,1000,1000,within_band,within_band,-77.0,23.0,False
sekevna7,3,4,0.0,365,161,1,3,neither,0.006000000052154,0.008,770,764,768,-6,-2,1000,1000,within_band,within_band,-77.0,23.0,False
sekevna7,3,4,0.0,365,161,1,4,neither,0.0209999997168779,0.001,770,753,776,-17,6,1000,1000,damaged,within_band,-77.0,23.0,False
sekevna7,3,4,0.0,365,161,2,1,neither,0.0010000000474974,0.111,770,767,768,-3,-2,1000,1000,within_band,within_band,-77.0,23.0,False
sekevna7,3,4,0.0,365,161,2,2,neither,0.0,0.263,770,770,770,0,0,1000,1000,within_band,within_band,-77.0,23.0,False
sekevna7,3,4,0.0,365,161,2,3,neither,0.2090000063180923,0.028,770,769,769,-1,-1,1000,1000,within_band,within_band,-77.0,23.0,False
sekevna7,3,4,0.0,365,161,2,4,neither,0.0,0.148,770,768,769,-2,-1,1000,1000,within_band,within_band,-77.0,23.0,False
sekevna7,3,4,0.0,365,161,3,1,neither,0.6150000095367432,0.032,770,797,811,27,41,1000,1000,improved,improved,-77.0,23.0,False
sekevna7,3,4,0.0,365,161,3,2,neither,0.3790000081062317,0.058,770,775,787,5,17,1000,1000,within_band,improved,-77.0,23.0,False
sekevna7,3,4,0.0,365,161,3,3,neither,0.5860000252723694,0.048,770,783,785,13,15,1000,1000,improved,improved,-77.0,23.0,False
sekevna7,3,4,0.0,365,161,3,4,neither,0.6159999966621399,0.047,770,786,792,16,22,1000,1000,improved,improved,-77.0,23.0,False
sg55mwgp,3,4,0.0,109,220,1,1,neither,0.0140000004321336,0.0,251,250,249,-1,-2,1000,1000,within_band,within_band,-25.1,74.9,False
sg55mwgp,3,4,0.0,109,220,1,2,neither,0.0099999997764825,0.0,251,248,244,-3,-7,1000,1000,within_band,within_band,-25.1,74.9,False
sg55mwgp,3,4,0.0,109,220,1,3,neither,0.0130000002682209,0.002,251,243,244,-8,-7,1000,1000,within_band,within_band,-25.1,74.9,False
sg55mwgp,3,4,0.0,109,220,1,4,neither,0.0160000007599592,0.0,251,244,241,-7,-10,1000,1000,within_band,within_band,-25.1,74.9,False
sg55mwgp,3,4,0.0,109,220,2,1,neither,0.0209999997168779,0.001,251,284,285,33,34,1000,1000,improved,improved,-25.1,74.9,False
sg55mwgp,3,4,0.0,109,220,2,2,neither,0.025000000372529,0.001,251,319,322,68,71,1000,1000,improved,improved,-25.1,74.9,False
sg55mwgp,3,4,0.0,109,220,2,3,neither,0.0280000008642673,0.0,251,297,302,46,51,1000,1000,improved,improved,-25.1,74.9,False
sg55mwgp,3,4,0.0,109,220,2,4,neither,0.0240000002086162,0.003,251,266,266,15,15,1000,1000,improved,improved,-25.1,74.9,False
sg55mwgp,3,4,0.0,109,220,3,1,neither,0.0560000017285347,0.111,251,251,251,0,0,1000,1000,within_band,within_band,-25.1,74.9,False
sg55mwgp,3,4,0.0,109,220,3,2,neither,0.1720000058412552,0.082,251,252,252,1,1,1000,1000,within_band,within_band,-25.1,74.9,False
sg55mwgp,3,4,0.0,109,220,3,3,neither,0.0280000008642673,0.067,251,252,252,1,1,1000,1000,within_band,within_band,-25.1,74.9,False
sg55mwgp,3,4,0.0,109,220,3,4,neither,0.1270000040531158,0.033,251,251,251,0,0,1000,1000,within_band,within_band,-25.1,74.9,False
sh0hphe2,3,4,0.01,495,161,1,1,neither,0.0,0.0,55,55,55,0,0,999,999,within_band,within_band,-5.5,94.5,False
sh0hphe2,3,4,0.01,495,161,1,2,neither,0.0,0.0,55,55,55,0,0,999,999,within_band,within_band,-5.5,94.5,False
sh0hphe2,3,4,0.01,495,161,1,3,neither,0.0,0.0,55,55,55,0,0,999,999,within_band,within_band,-5.5,94.5,False
sh0hphe2,3,4,0.01,495,161,1,4,neither,0.0,0.0,55,55,55,0,0,999,999,within_band,within_band,-5.5,94.5,False
sh0hphe2,3,4,0.01,495,161,2,1,neither,0.0,0.0,55,55,55,0,0,999,999,within_band,within_band,-5.5,94.5,False
sh0hphe2,3,4,0.01,495,161,2,2,neither,0.0,0.0,55,55,55,0,0,999,999,within_band,within_band,-5.5,94.5,False
sh0hphe2,3,4,0.01,495,161,2,3,neither,0.0,0.0,55,55,55,0,0,999,999,within_band,within_band,-5.5,94.5,False
sh0hphe2,3,4,0.01,495,161,2,4,neither,0.0,0.0,55,55,55,0,0,999,999,within_band,within_band,-5.5,94.5,False
sh0hphe2,3,4,0.01,495,161,3,1,neither,0.0,0.0,55,55,55,0,0,999,999,within_band,within_band,-5.5,94.5,False
sh0hphe2,3,4,0.01,495,161,3,2,neither,0.0,0.0,55,55,55,0,0,999,999,within_band,within_band,-5.5,94.5,False
sh0hphe2,3,4,0.01,495,161,3,3,neither,0.0,0.0,55,55,55,0,0,999,999,within_band,within_band,-5.5,94.5,False
sh0hphe2,3,4,0.01,495,161,3,4,neither,0.0,0.0,55,55,55,0,0,999,999,within_band,within_band,-5.5,94.5,False
slwb9bir,3,4,0.001,92,231,1,1,neither,0.003000000026077,0.0,910,910,910,0,0,999,999,within_band,within_band,-91.0,9.0,False
slwb9bir,3,4,0.001,92,231,1,2,neither,0.0020000000949949,0.0,910,910,910,0,0,999,999,within_band,within_band,-91.0,9.0,False
slwb9bir,3,4,0.001,92,231,1,3,neither,0.003000000026077,0.0,910,910,910,0,0,999,999,within_band,within_band,-91.0,9.0,False
slwb9bir,3,4,0.001,92,231,1,4,neither,0.0020000000949949,0.0,910,910,910,0,0,999,999,within_band,within_band,-91.0,9.0,False
slwb9bir,3,4,0.001,92,231,2,1,neither,0.0,0.0,910,910,910,0,0,999,999,within_band,within_band,-91.0,9.0,False
slwb9bir,3,4,0.001,92,231,2,2,neither,0.0,0.0,910,910,910,0,0,999,999,within_band,within_band,-91.0,9.0,False
slwb9bir,3,4,0.001,92,231,2,3,neither,0.0,0.0,910,910,910,0,0,999,999,within_band,within_band,-91.0,9.0,False
slwb9bir,3,4,0.001,92,231,2,4,neither,0.0,0.0,910,910,910,0,0,999,999,within_band,within_band,-91.0,9.0,False
slwb9bir,3,4,0.001,92,231,3,1,violation-detecting,0.0289999991655349,0.971,910,846,859,-64,-51,999,993,damaged,damaged,-91.0,9.0,False
slwb9bir,3,4,0.001,92,231,3,2,neither,0.0,0.0,910,910,910,0,0,999,999,within_band,within_band,-91.0,9.0,False
slwb9bir,3,4,0.001,92,231,3,3,neither,0.0,0.0,910,910,910,0,0,999,999,within_band,within_band,-91.0,9.0,False
slwb9bir,3,4,0.001,92,231,3,4,neither,0.0,0.0,910,910,910,0,0,999,999,within_band,within_band,-91.0,9.0,False
spoz7qv3,3,4,0.001,365,220,1,1,neither,0.0,0.0,474,474,474,0,0,968,968,within_band,within_band,-47.4,52.6,False
spoz7qv3,3,4,0.001,365,220,1,2,neither,0.0,0.0,474,474,474,0,0,968,968,within_band,within_band,-47.4,52.6,False
spoz7qv3,3,4,0.001,365,220,1,3,neither,0.0,0.0,474,474,474,0,0,968,968,within_band,within_band,-47.4,52.6,False
spoz7qv3,3,4,0.001,365,220,1,4,neither,0.0,0.0,474,474,474,0,0,968,968,within_band,within_band,-47.4,52.6,False
spoz7qv3,3,4,0.001,365,220,2,1,neither,0.0,0.013,474,474,474,0,0,968,968,within_band,within_band,-47.4,52.6,False
spoz7qv3,3,4,0.001,365,220,2,2,neither,0.0,0.013,474,474,474,0,0,968,968,within_band,within_band,-47.4,52.6,False
spoz7qv3,3,4,0.001,365,220,2,3,neither,0.0,0.004,474,474,474,0,0,968,968,within_band,within_band,-47.4,52.6,False
spoz7qv3,3,4,0.001,365,220,2,4,neither,0.0,0.003,474,474,474,0,0,968,968,within_band,within_band,-47.4,52.6,False
spoz7qv3,3,4,0.001,365,220,3,1,sign-matching,0.9269999861717224,0.0,474,692,671,218,197,968,947,improved,improved,-47.4,52.6,False
spoz7qv3,3,4,0.001,365,220,3,2,neither,0.0,0.0,474,474,474,0,0,968,968,within_band,within_band,-47.4,52.6,False
spoz7qv3,3,4,0.001,365,220,3,3,neither,0.0,0.0,474,474,474,0,0,968,968,within_band,within_band,-47.4,52.6,False
spoz7qv3,3,4,0.001,365,220,3,4,neither,0.0,0.0,474,474,474,0,0,968,968,within_band,within_band,-47.4,52.6,False
swnrviiq,3,2,0.01,105,161,1,1,neither,0.0,0.0,394,394,394,0,0,999,999,within_band,within_band,-39.4,60.6,False
swnrviiq,3,2,0.01,105,161,1,2,neither,0.0,0.0,394,394,394,0,0,999,999,within_band,within_band,-39.4,60.6,False
swnrviiq,3,2,0.01,105,161,2,1,neither,0.0,0.01,394,392,393,-2,-1,999,999,within_band,within_band,-39.4,60.6,False
swnrviiq,3,2,0.01,105,161,2,2,neither,0.0,0.01,394,390,390,-4,-4,999,999,within_band,within_band,-39.4,60.6,False
swnrviiq,3,2,0.01,105,161,3,1,neither,0.0,0.0,394,394,394,0,0,999,999,within_band,within_band,-39.4,60.6,False
swnrviiq,3,2,0.01,105,161,3,2,neither,0.0,0.0,394,394,394,0,0,999,999,within_band,within_band,-39.4,60.6,False
t71s51mn,3,4,0.001,109,231,1,1,neither,0.0010000000474974,0.0,0,0,0,0,0,1000,1000,within_band,within_band,0.0,100.0,False
t71s51mn,3,4,0.001,109,231,1,2,neither,0.0,0.0,0,0,0,0,0,1000,1000,within_band,within_band,0.0,100.0,False
t71s51mn,3,4,0.001,109,231,1,3,neither,0.0020000000949949,0.0,0,0,0,0,0,1000,1000,within_band,within_band,0.0,100.0,False
t71s51mn,3,4,0.001,109,231,1,4,neither,0.0,0.0,0,0,0,0,0,1000,1000,within_band,within_band,0.0,100.0,False
t71s51mn,3,4,0.001,109,231,2,1,neither,0.0,0.0,0,0,0,0,0,1000,1000,within_band,within_band,0.0,100.0,False
t71s51mn,3,4,0.001,109,231,2,2,neither,0.0,0.0,0,0,0,0,0,1000,1000,within_band,within_band,0.0,100.0,False
t71s51mn,3,4,0.001,109,231,2,3,neither,0.0,0.0,0,0,0,0,0,1000,1000,within_band,within_band,0.0,100.0,False
t71s51mn,3,4,0.001,109,231,2,4,neither,0.0,0.0,0,0,0,0,0,1000,1000,within_band,within_band,0.0,100.0,False
t71s51mn,3,4,0.001,109,231,3,1,neither,0.0,0.0,0,0,0,0,0,1000,1000,within_band,within_band,0.0,100.0,False
t71s51mn,3,4,0.001,109,231,3,2,neither,0.0,0.0,0,0,0,0,0,1000,1000,within_band,within_band,0.0,100.0,False
t71s51mn,3,4,0.001,109,231,3,3,neither,0.0,0.0,0,0,0,0,0,1000,1000,within_band,within_band,0.0,100.0,False
t71s51mn,3,4,0.001,109,231,3,4,neither,0.0,0.0,0,0,0,0,0,1000,1000,within_band,within_band,0.0,100.0,False
t8nwv4de,2,2,0.0,365,161,1,1,neither,0.0049999998882412,0.015,910,905,903,-5,-7,999,999,within_band,within_band,-91.0,9.0,False
t8nwv4de,2,2,0.0,365,161,1,2,neither,0.0040000001899898,0.021,910,900,896,-10,-14,999,999,within_band,damaged,-91.0,9.0,False
t8nwv4de,2,2,0.0,365,161,2,1,violation-detecting,0.0,0.893,910,721,727,-189,-183,999,999,damaged,damaged,-91.0,9.0,False
t8nwv4de,2,2,0.0,365,161,2,2,neither,0.0020000000949949,0.789,910,729,741,-181,-169,999,999,damaged,damaged,-91.0,9.0,False
tcxyepce,2,4,0.01,92,161,1,1,neither,0.0,0.0,874,874,874,0,0,999,999,within_band,within_band,-87.4,12.6,False
tcxyepce,2,4,0.01,92,161,1,2,neither,0.0,0.0,874,874,874,0,0,999,999,within_band,within_band,-87.4,12.6,False
tcxyepce,2,4,0.01,92,161,1,3,neither,0.0,0.0,874,874,874,0,0,999,999,within_band,within_band,-87.4,12.6,False
tcxyepce,2,4,0.01,92,161,1,4,neither,0.0,0.0,874,874,874,0,0,999,999,within_band,within_band,-87.4,12.6,False
tcxyepce,2,4,0.01,92,161,2,1,neither,0.0,0.0,874,874,874,0,0,999,999,within_band,within_band,-87.4,12.6,False
tcxyepce,2,4,0.01,92,161,2,2,neither,0.0,0.0,874,874,874,0,0,999,999,within_band,within_band,-87.4,12.6,False
tcxyepce,2,4,0.01,92,161,2,3,sign-matching,0.9890000224113464,0.011,874,912,909,38,35,999,999,improved,improved,-87.4,12.6,False
tcxyepce,2,4,0.01,92,161,2,4,neither,0.0,0.0,874,874,874,0,0,999,999,within_band,within_band,-87.4,12.6,False
tf99oreg,2,2,0.01,105,220,1,1,neither,0.0,0.056,911,913,913,2,2,999,999,within_band,within_band,-91.1,8.9,False
tf99oreg,2,2,0.01,105,220,1,2,neither,0.0,0.049,911,914,914,3,3,999,999,within_band,within_band,-91.1,8.9,False
tf99oreg,2,2,0.01,105,220,2,1,neither,0.0,0.0,911,911,911,0,0,999,999,within_band,within_band,-91.1,8.9,False
tf99oreg,2,2,0.01,105,220,2,2,sign-matching,0.9940000176429749,0.006,911,975,974,64,63,999,997,improved,improved,-91.1,8.9,False
tj3rz9yi,3,2,0.001,109,231,1,1,neither,0.0189999993890523,0.0,123,123,123,0,0,999,999,within_band,within_band,-12.3,87.7,False
tj3rz9yi,3,2,0.001,109,231,1,2,neither,0.0199999995529651,0.0,123,123,123,0,0,999,999,within_band,within_band,-12.3,87.7,False
tj3rz9yi,3,2,0.001,109,231,2,1,neither,0.0,0.0,123,123,123,0,0,999,999,within_band,within_band,-12.3,87.7,False
tj3rz9yi,3,2,0.001,109,231,2,2,neither,0.0,0.0,123,123,123,0,0,999,999,within_band,within_band,-12.3,87.7,False
tj3rz9yi,3,2,0.001,109,231,3,1,neither,0.0,0.0,123,123,123,0,0,999,999,within_band,within_band,-12.3,87.7,False
tj3rz9yi,3,2,0.001,109,231,3,2,neither,0.0,0.0,123,123,123,0,0,999,999,within_band,within_band,-12.3,87.7,False
tksjh9u8,2,4,0.01,109,220,1,1,neither,0.0,0.0,892,892,892,0,0,999,999,within_band,within_band,-89.2,10.8,False
tksjh9u8,2,4,0.01,109,220,1,2,neither,0.0,0.0,892,892,892,0,0,999,999,within_band,within_band,-89.2,10.8,False
tksjh9u8,2,4,0.01,109,220,1,3,neither,0.0,0.0,892,892,892,0,0,999,999,within_band,within_band,-89.2,10.8,False
tksjh9u8,2,4,0.01,109,220,1,4,neither,0.0040000001899898,0.0,892,892,892,0,0,999,999,within_band,within_band,-89.2,10.8,False
tksjh9u8,2,4,0.01,109,220,2,1,neither,0.0,0.0,892,892,892,0,0,999,999,within_band,within_band,-89.2,10.8,False
tksjh9u8,2,4,0.01,109,220,2,2,neither,0.5249999761581421,0.048,892,892,892,0,0,999,999,within_band,within_band,-89.2,10.8,False
tksjh9u8,2,4,0.01,109,220,2,3,neither,0.0,0.0,892,892,892,0,0,999,999,within_band,within_band,-89.2,10.8,False
tksjh9u8,2,4,0.01,109,220,2,4,neither,0.0,0.0,892,892,892,0,0,999,999,within_band,within_band,-89.2,10.8,False
ts6m8wj0,2,2,0.01,105,231,1,1,neither,0.0,0.0,908,908,908,0,0,999,999,within_band,within_band,-90.8,9.2,False
ts6m8wj0,2,2,0.01,105,231,1,2,neither,0.0,0.0,908,908,908,0,0,999,999,within_band,within_band,-90.8,9.2,False
ts6m8wj0,2,2,0.01,105,231,2,1,neither,0.0,0.0,908,908,908,0,0,999,999,within_band,within_band,-90.8,9.2,False
ts6m8wj0,2,2,0.01,105,231,2,2,sign-matching,0.9959999918937684,0.0,908,953,955,45,47,999,998,improved,improved,-90.8,9.2,False
tsqptx25,1,2,0.01,109,220,1,1,neither,0.0,0.012,0,0,0,0,0,1000,1000,within_band,within_band,0.0,100.0,False
tsqptx25,1,2,0.01,109,220,1,2,neither,0.0,0.0,0,0,0,0,0,1000,1000,within_band,within_band,0.0,100.0,False
ttjh3vyo,2,2,0.001,105,220,1,1,neither,0.0,0.005,741,748,748,7,7,999,999,within_band,within_band,-74.1,25.9,False
ttjh3vyo,2,2,0.001,105,220,1,2,neither,0.0,0.004,741,748,748,7,7,999,999,within_band,within_band,-74.1,25.9,False
ttjh3vyo,2,2,0.001,105,220,2,1,neither,0.0,0.0,741,741,741,0,0,999,999,within_band,within_band,-74.1,25.9,False
ttjh3vyo,2,2,0.001,105,220,2,2,sign-matching,1.0,0.0,741,910,908,169,167,999,964,improved,improved,-74.1,25.9,False
tzgfcrqb,1,4,0.01,495,220,1,1,neither,0.0,0.0,0,0,0,0,0,1000,1000,within_band,within_band,0.0,100.0,False
tzgfcrqb,1,4,0.01,495,220,1,2,neither,0.0,0.0,0,0,0,0,0,1000,1000,within_band,within_band,0.0,100.0,False
tzgfcrqb,1,4,0.01,495,220,1,3,neither,0.0,0.0,0,0,0,0,0,1000,1000,within_band,within_band,0.0,100.0,False
tzgfcrqb,1,4,0.01,495,220,1,4,neither,0.0130000002682209,0.0,0,0,0,0,0,1000,1000,within_band,within_band,0.0,100.0,False
u2fj6qvp,1,4,0.01,109,231,1,1,neither,0.0,0.0,0,0,0,0,0,1000,1000,within_band,within_band,0.0,100.0,False
u2fj6qvp,1,4,0.01,109,231,1,2,neither,0.0,0.0,0,0,0,0,0,1000,1000,within_band,within_band,0.0,100.0,False
u2fj6qvp,1,4,0.01,109,231,1,3,neither,0.0,0.0,0,0,0,0,0,1000,1000,within_band,within_band,0.0,100.0,False
u2fj6qvp,1,4,0.01,109,231,1,4,neither,0.0,0.0,0,0,0,0,0,1000,1000,within_band,within_band,0.0,100.0,False
u5d6anhu,1,2,0.01,105,231,1,1,neither,0.0,0.0,0,0,0,0,0,1000,1000,within_band,within_band,0.0,100.0,False
u5d6anhu,1,2,0.01,105,231,1,2,neither,0.0,0.012,0,0,0,0,0,1000,1000,within_band,within_band,0.0,100.0,False
u6ff2wng,1,4,0.001,109,231,1,1,neither,0.0,0.0,0,0,0,0,0,999,999,within_band,within_band,0.0,100.0,False
u6ff2wng,1,4,0.001,109,231,1,2,neither,0.0,0.0,0,0,0,0,0,999,999,within_band,within_band,0.0,100.0,False
u6ff2wng,1,4,0.001,109,231,1,3,neither,0.0,0.0,0,0,0,0,0,999,999,within_band,within_band,0.0,100.0,False
u6ff2wng,1,4,0.001,109,231,1,4,neither,0.0,0.0,0,0,0,0,0,999,999,within_band,within_band,0.0,100.0,False
u700utjy,3,2,0.01,365,231,1,1,neither,0.0,0.0,790,790,790,0,0,999,999,within_band,within_band,-79.0,21.0,False
u700utjy,3,2,0.01,365,231,1,2,neither,0.0,0.0,790,790,790,0,0,999,999,within_band,within_band,-79.0,21.0,False
u700utjy,3,2,0.01,365,231,2,1,neither,0.0230000000447034,0.0,790,790,790,0,0,999,999,within_band,within_band,-79.0,21.0,False
u700utjy,3,2,0.01,365,231,2,2,neither,0.0130000002682209,0.0,790,790,790,0,0,999,999,within_band,within_band,-79.0,21.0,False
u700utjy,3,2,0.01,365,231,3,1,neither,0.0,0.0,790,790,790,0,0,999,999,within_band,within_band,-79.0,21.0,False
u700utjy,3,2,0.01,365,231,3,2,neither,0.0,0.0,790,790,790,0,0,999,999,within_band,within_band,-79.0,21.0,False
u7u1v3qn,2,4,0.0,92,161,1,1,neither,0.0010000000474974,0.014,80,106,104,26,24,1000,1000,improved,improved,-8.0,92.0,False
u7u1v3qn,2,4,0.0,92,161,1,2,neither,0.0010000000474974,0.009,80,124,123,44,43,1000,1000,improved,improved,-8.0,92.0,False
u7u1v3qn,2,4,0.0,92,161,1,3,neither,0.0080000003799796,0.008,80,105,100,25,20,1000,1000,improved,improved,-8.0,92.0,False
u7u1v3qn,2,4,0.0,92,161,1,4,neither,0.0,0.02,80,108,104,28,24,1000,1000,improved,improved,-8.0,92.0,False
u7u1v3qn,2,4,0.0,92,161,2,1,neither,0.0240000002086162,0.027,80,79,81,-1,1,1000,1000,within_band,within_band,-8.0,92.0,False
u7u1v3qn,2,4,0.0,92,161,2,2,neither,0.0099999997764825,0.232,80,77,81,-3,1,1000,1000,within_band,within_band,-8.0,92.0,False
u7u1v3qn,2,4,0.0,92,161,2,3,neither,0.0649999976158142,0.007,80,89,89,9,9,1000,1000,within_band,within_band,-8.0,92.0,False
u7u1v3qn,2,4,0.0,92,161,2,4,neither,0.0570000000298023,0.011,80,86,88,6,8,1000,1000,within_band,within_band,-8.0,92.0,False
ubc2kvie,3,2,0.01,365,161,1,1,neither,0.0,0.0,813,813,813,0,0,999,999,within_band,within_band,-81.3,18.7,False
ubc2kvie,3,2,0.01,365,161,1,2,neither,0.0,0.0,813,813,813,0,0,999,999,within_band,within_band,-81.3,18.7,False
ubc2kvie,3,2,0.01,365,161,2,1,neither,0.0160000007599592,0.0,813,814,814,1,1,999,999,within_band,within_band,-81.3,18.7,False
ubc2kvie,3,2,0.01,365,161,2,2,neither,0.0089999996125698,0.0,813,813,813,0,0,999,999,within_band,within_band,-81.3,18.7,False
ubc2kvie,3,2,0.01,365,161,3,1,neither,0.0,0.0,813,813,813,0,0,999,999,within_band,within_band,-81.3,18.7,False
ubc2kvie,3,2,0.01,365,161,3,2,neither,0.0,0.0,813,813,813,0,0,999,999,within_band,within_band,-81.3,18.7,False
uc0trokp,2,4,0.0,109,231,1,1,neither,0.0040000001899898,0.028,728,724,724,-4,-4,1000,1000,within_band,within_band,-72.8,27.2,False
uc0trokp,2,4,0.0,109,231,1,2,neither,0.0010000000474974,0.002,728,729,730,1,2,1000,1000,within_band,within_band,-72.8,27.2,False
uc0trokp,2,4,0.0,109,231,1,3,neither,0.0,0.025,728,723,726,-5,-2,1000,1000,within_band,within_band,-72.8,27.2,False
uc0trokp,2,4,0.0,109,231,1,4,neither,0.006000000052154,0.013,728,722,724,-6,-4,1000,1000,within_band,within_band,-72.8,27.2,False
uc0trokp,2,4,0.0,109,231,2,1,violation-detecting,0.0,0.911,728,653,657,-75,-71,1000,1000,damaged,damaged,-72.8,27.2,False
uc0trokp,2,4,0.0,109,231,2,2,violation-detecting,0.0020000000949949,0.973,728,636,646,-92,-82,1000,1000,damaged,damaged,-72.8,27.2,False
uc0trokp,2,4,0.0,109,231,2,3,violation-detecting,0.0,0.975,728,605,612,-123,-116,1000,1000,damaged,damaged,-72.8,27.2,False
uc0trokp,2,4,0.0,109,231,2,4,violation-detecting,0.0,0.92,728,637,639,-91,-89,1000,1000,damaged,damaged,-72.8,27.2,False
ugjbngbx,1,4,0.01,365,220,1,1,neither,0.0,0.0,0,0,0,0,0,1000,1000,within_band,within_band,0.0,100.0,False
ugjbngbx,1,4,0.01,365,220,1,2,neither,0.0049999998882412,0.0,0,0,0,0,0,1000,1000,within_band,within_band,0.0,100.0,False
ugjbngbx,1,4,0.01,365,220,1,3,neither,0.0,0.0,0,0,0,0,0,1000,1000,within_band,within_band,0.0,100.0,False
ugjbngbx,1,4,0.01,365,220,1,4,neither,0.0,0.0,0,0,0,0,0,1000,1000,within_band,within_band,0.0,100.0,False
um4cmmf1,1,4,0.01,365,161,1,1,neither,0.0,0.0,0,0,0,0,0,1000,1000,within_band,within_band,0.0,100.0,False
um4cmmf1,1,4,0.01,365,161,1,2,neither,0.0,0.0,0,0,0,0,0,1000,1000,within_band,within_band,0.0,100.0,False
um4cmmf1,1,4,0.01,365,161,1,3,neither,0.0,0.0,0,0,0,0,0,1000,1000,within_band,within_band,0.0,100.0,False
um4cmmf1,1,4,0.01,365,161,1,4,neither,0.0,0.0,0,0,0,0,0,1000,1000,within_band,within_band,0.0,100.0,False
uuakiv3r,1,4,0.01,105,161,1,1,neither,0.0,0.0,0,0,0,0,0,1000,1000,within_band,within_band,0.0,100.0,False
uuakiv3r,1,4,0.01,105,161,1,2,neither,0.0,0.0,0,0,0,0,0,1000,1000,within_band,within_band,0.0,100.0,False
uuakiv3r,1,4,0.01,105,161,1,3,neither,0.0,0.0,0,0,0,0,0,1000,1000,within_band,within_band,0.0,100.0,False
uuakiv3r,1,4,0.01,105,161,1,4,neither,0.0,0.0,0,0,0,0,0,1000,1000,within_band,within_band,0.0,100.0,False
uy24vgki,1,2,0.001,495,220,1,1,neither,0.0,0.007,0,0,0,0,0,999,999,within_band,within_band,0.0,100.0,False
uy24vgki,1,2,0.001,495,220,1,2,neither,0.0,0.0,0,0,0,0,0,999,999,within_band,within_band,0.0,100.0,False
v3kmo2e5,3,2,0.001,92,220,1,1,neither,0.0040000001899898,0.0,524,534,534,10,10,999,999,within_band,within_band,-52.4,47.6,False
v3kmo2e5,3,2,0.001,92,220,1,2,neither,0.0040000001899898,0.0,524,538,537,14,13,999,999,improved,improved,-52.4,47.6,False
v3kmo2e5,3,2,0.001,92,220,2,1,neither,0.0,0.0,524,524,524,0,0,999,999,within_band,within_band,-52.4,47.6,False
v3kmo2e5,3,2,0.001,92,220,2,2,neither,0.0,0.0,524,524,524,0,0,999,999,within_band,within_band,-52.4,47.6,False
v3kmo2e5,3,2,0.001,92,220,3,1,neither,0.0,0.0,524,524,524,0,0,999,999,within_band,within_band,-52.4,47.6,False
v3kmo2e5,3,2,0.001,92,220,3,2,neither,0.0,0.0,524,524,524,0,0,999,999,within_band,within_band,-52.4,47.6,False
vej9zs85,3,4,0.0,365,231,1,1,neither,0.0340000018477439,0.0,668,664,669,-4,1,999,999,within_band,within_band,-66.8,33.2,False
vej9zs85,3,4,0.0,365,231,1,2,neither,0.032999999821186,0.0,668,662,669,-6,1,999,999,within_band,within_band,-66.8,33.2,False
vej9zs85,3,4,0.0,365,231,1,3,neither,0.0320000015199184,0.0,668,665,669,-3,1,999,999,within_band,within_band,-66.8,33.2,False
vej9zs85,3,4,0.0,365,231,1,4,neither,0.0189999993890523,0.0,668,642,661,-26,-7,999,999,damaged,within_band,-66.8,33.2,False
vej9zs85,3,4,0.0,365,231,2,1,neither,0.0359999984502792,0.0,668,691,689,23,21,999,999,improved,improved,-66.8,33.2,False
vej9zs85,3,4,0.0,365,231,2,2,neither,0.0120000001043081,0.011,668,662,663,-6,-5,999,999,within_band,within_band,-66.8,33.2,False
vej9zs85,3,4,0.0,365,231,2,3,neither,0.0160000007599592,0.0,668,694,693,26,25,999,999,improved,improved,-66.8,33.2,False
vej9zs85,3,4,0.0,365,231,2,4,neither,0.0010000000474974,0.01,668,679,679,11,11,999,999,improved,improved,-66.8,33.2,False
vej9zs85,3,4,0.0,365,231,3,1,neither,0.0,0.188,668,672,672,4,4,999,999,within_band,within_band,-66.8,33.2,False
vej9zs85,3,4,0.0,365,231,3,2,neither,0.0010000000474974,0.192,668,675,673,7,5,999,999,within_band,within_band,-66.8,33.2,False
vej9zs85,3,4,0.0,365,231,3,3,neither,0.0,0.339,668,663,662,-5,-6,999,999,within_band,within_band,-66.8,33.2,False
vej9zs85,3,4,0.0,365,231,3,4,neither,0.0,0.191,668,673,671,5,3,999,999,within_band,within_band,-66.8,33.2,False
vh846wlm,1,2,0.01,495,161,1,1,neither,0.0,0.0,0,0,0,0,0,1000,1000,within_band,within_band,0.0,100.0,False
vh846wlm,1,2,0.01,495,161,1,2,neither,0.0,0.003,0,0,0,0,0,1000,1000,within_band,within_band,0.0,100.0,False
vme15csv,2,4,0.0,109,220,1,1,neither,0.0299999993294477,0.0,717,717,713,0,-4,999,999,within_band,within_band,-71.7,28.3,False
vme15csv,2,4,0.0,109,220,1,2,neither,0.0219999998807907,0.0,717,721,721,4,4,999,999,within_band,within_band,-71.7,28.3,False
vme15csv,2,4,0.0,109,220,1,3,neither,0.0230000000447034,0.001,717,712,714,-5,-3,999,999,within_band,within_band,-71.7,28.3,False
vme15csv,2,4,0.0,109,220,1,4,neither,0.0309999994933605,0.0,717,719,715,2,-2,999,999,within_band,within_band,-71.7,28.3,False
vme15csv,2,4,0.0,109,220,2,1,violation-detecting,0.0,0.879,717,708,710,-9,-7,999,999,within_band,within_band,-71.7,28.3,False
vme15csv,2,4,0.0,109,220,2,2,violation-detecting,0.0,0.987,717,655,657,-62,-60,999,999,damaged,damaged,-71.7,28.3,False
vme15csv,2,4,0.0,109,220,2,3,violation-detecting,0.0,0.924,717,664,677,-53,-40,999,999,damaged,damaged,-71.7,28.3,False
vme15csv,2,4,0.0,109,220,2,4,violation-detecting,0.0,0.901,717,685,696,-32,-21,999,999,damaged,damaged,-71.7,28.3,False
vrydfu8l,3,4,0.0,105,231,1,1,neither,0.0,0.005,1,1,1,0,0,1000,1000,within_band,within_band,-0.1,99.9,False
vrydfu8l,3,4,0.0,105,231,1,2,neither,0.0260000005364418,0.0,1,1,1,0,0,1000,1000,within_band,within_band,-0.1,99.9,False
vrydfu8l,3,4,0.0,105,231,1,3,neither,0.0170000009238719,0.0,1,1,1,0,0,1000,1000,within_band,within_band,-0.1,99.9,False
vrydfu8l,3,4,0.0,105,231,1,4,neither,0.0,0.016,1,1,1,0,0,1000,1000,within_band,within_band,-0.1,99.9,False
vrydfu8l,3,4,0.0,105,231,2,1,neither,0.0099999997764825,0.0,1,6,6,5,5,1000,1000,within_band,within_band,-0.1,99.9,False
vrydfu8l,3,4,0.0,105,231,2,2,neither,0.0099999997764825,0.003,1,3,3,2,2,1000,1000,within_band,within_band,-0.1,99.9,False
vrydfu8l,3,4,0.0,105,231,2,3,neither,0.0070000002160668,0.005,1,1,1,0,0,1000,1000,within_band,within_band,-0.1,99.9,False
vrydfu8l,3,4,0.0,105,231,2,4,neither,0.003000000026077,0.002,1,1,1,0,0,1000,1000,within_band,within_band,-0.1,99.9,False
vrydfu8l,3,4,0.0,105,231,3,1,neither,0.527999997138977,0.0,1,1,1,0,0,1000,1000,within_band,within_band,-0.1,99.9,False
vrydfu8l,3,4,0.0,105,231,3,2,neither,0.0049999998882412,0.091,1,1,1,0,0,1000,1000,within_band,within_band,-0.1,99.9,False
vrydfu8l,3,4,0.0,105,231,3,3,neither,0.0010000000474974,0.011,1,1,1,0,0,1000,1000,within_band,within_band,-0.1,99.9,False
vrydfu8l,3,4,0.0,105,231,3,4,neither,0.5440000295639038,0.0,1,0,0,-1,-1,1000,1000,within_band,within_band,-0.1,99.9,False
vsaf48zy,3,4,0.01,109,161,1,1,neither,0.0,0.0,0,0,0,0,0,999,999,within_band,within_band,0.0,100.0,False
vsaf48zy,3,4,0.01,109,161,1,2,neither,0.0109999999403953,0.0,0,0,0,0,0,999,999,within_band,within_band,0.0,100.0,False
vsaf48zy,3,4,0.01,109,161,1,3,neither,0.0089999996125698,0.0,0,0,0,0,0,999,999,within_band,within_band,0.0,100.0,False
vsaf48zy,3,4,0.01,109,161,1,4,neither,0.006000000052154,0.0,0,0,0,0,0,999,999,within_band,within_band,0.0,100.0,False
vsaf48zy,3,4,0.01,109,161,2,1,neither,0.0,0.0,0,0,0,0,0,999,999,within_band,within_band,0.0,100.0,False
vsaf48zy,3,4,0.01,109,161,2,2,neither,0.0,0.0,0,0,0,0,0,999,999,within_band,within_band,0.0,100.0,False
vsaf48zy,3,4,0.01,109,161,2,3,neither,0.0,0.0,0,0,0,0,0,999,999,within_band,within_band,0.0,100.0,False
vsaf48zy,3,4,0.01,109,161,2,4,neither,0.0,0.0,0,0,0,0,0,999,999,within_band,within_band,0.0,100.0,False
vsaf48zy,3,4,0.01,109,161,3,1,neither,0.0,0.0,0,0,0,0,0,999,999,within_band,within_band,0.0,100.0,False
vsaf48zy,3,4,0.01,109,161,3,2,neither,0.0,0.0,0,0,0,0,0,999,999,within_band,within_band,0.0,100.0,False
vsaf48zy,3,4,0.01,109,161,3,3,neither,0.0,0.0,0,0,0,0,0,999,999,within_band,within_band,0.0,100.0,False
vsaf48zy,3,4,0.01,109,161,3,4,neither,0.0,0.0,0,0,0,0,0,999,999,within_band,within_band,0.0,100.0,False
vsuilhs4,2,2,0.001,109,161,1,1,neither,0.0070000002160668,0.0,895,897,897,2,2,999,999,within_band,within_band,-89.5,10.5,False
vsuilhs4,2,2,0.001,109,161,1,2,neither,0.006000000052154,0.0,895,897,897,2,2,999,999,within_band,within_band,-89.5,10.5,False
vsuilhs4,2,2,0.001,109,161,2,1,neither,0.0,0.0,895,895,895,0,0,999,999,within_band,within_band,-89.5,10.5,False
vsuilhs4,2,2,0.001,109,161,2,2,violation-detecting,0.0790000036358833,0.92,895,760,783,-135,-112,999,986,damaged,damaged,-89.5,10.5,False
w861ttrh,3,2,0.0,92,220,1,1,neither,0.0130000002682209,0.0,902,888,905,-14,3,1000,1000,damaged,within_band,-90.2,9.8,False
w861ttrh,3,2,0.0,92,220,1,2,neither,0.0020000000949949,0.012,902,879,898,-23,-4,1000,1000,damaged,within_band,-90.2,9.8,False
w861ttrh,3,2,0.0,92,220,2,1,neither,0.0570000000298023,0.098,902,871,868,-31,-34,1000,1000,damaged,damaged,-90.2,9.8,False
w861ttrh,3,2,0.0,92,220,2,2,neither,0.0469999983906745,0.139,902,839,810,-63,-92,1000,1000,damaged,damaged,-90.2,9.8,False
w861ttrh,3,2,0.0,92,220,3,1,neither,0.0509999990463256,0.103,902,772,778,-130,-124,1000,1000,damaged,damaged,-90.2,9.8,False
w861ttrh,3,2,0.0,92,220,3,2,neither,0.0320000015199184,0.122,902,860,862,-42,-40,1000,1000,damaged,damaged,-90.2,9.8,False
wdig9pe9,2,2,0.01,109,161,1,1,neither,0.0,0.0,880,880,880,0,0,999,999,within_band,within_band,-88.0,12.0,False
wdig9pe9,2,2,0.01,109,161,1,2,neither,0.0,0.0,880,880,880,0,0,999,999,within_band,within_band,-88.0,12.0,False
wdig9pe9,2,2,0.01,109,161,2,1,neither,0.0,0.0,880,880,880,0,0,999,999,within_band,within_band,-88.0,12.0,False
wdig9pe9,2,2,0.01,109,161,2,2,neither,0.0,0.0,880,880,880,0,0,999,999,within_band,within_band,-88.0,12.0,False
we9o801g,2,2,0.001,105,231,1,1,neither,0.0149999996647238,0.0,707,709,709,2,2,999,999,within_band,within_band,-70.7,29.3,False
we9o801g,2,2,0.001,105,231,1,2,neither,0.0089999996125698,0.0,707,713,714,6,7,999,999,within_band,within_band,-70.7,29.3,False
we9o801g,2,2,0.001,105,231,2,1,neither,0.0,0.0,707,707,707,0,0,999,999,within_band,within_band,-70.7,29.3,False
we9o801g,2,2,0.001,105,231,2,2,sign-matching,0.8769999742507935,0.123,707,802,812,95,105,999,974,improved,improved,-70.7,29.3,False
wfwpq5xc,2,2,0.001,495,220,1,1,neither,0.0,0.009,812,812,812,0,0,999,999,within_band,within_band,-81.2,18.8,False
wfwpq5xc,2,2,0.001,495,220,1,2,neither,0.0,0.009,812,812,812,0,0,999,999,within_band,within_band,-81.2,18.8,False
wfwpq5xc,2,2,0.001,495,220,2,1,sign-matching,1.0,0.0,812,921,914,109,102,999,983,improved,improved,-81.2,18.8,False
wfwpq5xc,2,2,0.001,495,220,2,2,neither,0.0,0.0,812,812,812,0,0,999,999,within_band,within_band,-81.2,18.8,False
wivclugf,3,2,0.0,109,161,1,1,neither,0.0130000002682209,0.0,1000,999,999,-1,-1,1000,1000,within_band,within_band,-100.0,0.0,False
wivclugf,3,2,0.0,109,161,1,2,neither,0.0160000007599592,0.003,1000,998,998,-2,-2,1000,1000,within_band,within_band,-100.0,0.0,False
wivclugf,3,2,0.0,109,161,2,1,violation-detecting,0.0,0.998,1000,991,991,-9,-9,1000,1000,within_band,within_band,-100.0,0.0,False
wivclugf,3,2,0.0,109,161,2,2,violation-detecting,0.0,0.997,1000,599,615,-401,-385,1000,999,damaged,damaged,-100.0,0.0,False
wivclugf,3,2,0.0,109,161,3,1,violation-detecting,0.0,0.996,1000,1000,1000,0,0,1000,1000,within_band,within_band,-100.0,0.0,False
wivclugf,3,2,0.0,109,161,3,2,violation-detecting,0.0,0.979,1000,1000,1000,0,0,1000,1000,within_band,within_band,-100.0,0.0,False
won4h79j,2,2,0.001,105,161,1,1,neither,0.0,0.031,675,675,675,0,0,999,999,within_band,within_band,-67.5,32.5,False
won4h79j,2,2,0.001,105,161,1,2,neither,0.0,0.022,675,675,675,0,0,999,999,within_band,within_band,-67.5,32.5,False
won4h79j,2,2,0.001,105,161,2,1,neither,0.0,0.0,675,675,675,0,0,999,999,within_band,within_band,-67.5,32.5,False
won4h79j,2,2,0.001,105,161,2,2,neither,0.6420000195503235,0.0,675,846,823,171,148,999,999,improved,improved,-67.5,32.5,False
wtrxyd54,1,4,0.001,495,220,1,1,neither,0.0130000002682209,0.0,0,0,0,0,0,1000,1000,within_band,within_band,0.0,100.0,False
wtrxyd54,1,4,0.001,495,220,1,2,neither,0.0089999996125698,0.0,0,0,0,0,0,1000,1000,within_band,within_band,0.0,100.0,False
wtrxyd54,1,4,0.001,495,220,1,3,neither,0.0,0.0,0,0,0,0,0,1000,1000,within_band,within_band,0.0,100.0,False
wtrxyd54,1,4,0.001,495,220,1,4,neither,0.0,0.0,0,0,0,0,0,1000,1000,within_band,within_band,0.0,100.0,False
x0ve7qt6,3,4,0.001,495,161,1,1,neither,0.0160000007599592,0.0,911,917,917,6,6,999,999,within_band,within_band,-91.1,8.9,False
x0ve7qt6,3,4,0.001,495,161,1,2,neither,0.0070000002160668,0.0,911,917,917,6,6,999,999,within_band,within_band,-91.1,8.9,False
x0ve7qt6,3,4,0.001,495,161,1,3,neither,0.0130000002682209,0.0,911,918,917,7,6,999,999,within_band,within_band,-91.1,8.9,False
x0ve7qt6,3,4,0.001,495,161,1,4,neither,0.0160000007599592,0.0,911,917,917,6,6,999,999,within_band,within_band,-91.1,8.9,False
x0ve7qt6,3,4,0.001,495,161,2,1,neither,0.0,0.0,911,911,911,0,0,999,999,within_band,within_band,-91.1,8.9,False
x0ve7qt6,3,4,0.001,495,161,2,2,neither,0.0,0.0,911,911,911,0,0,999,999,within_band,within_band,-91.1,8.9,False
x0ve7qt6,3,4,0.001,495,161,2,3,neither,0.0,0.0,911,911,911,0,0,999,999,within_band,within_band,-91.1,8.9,False
x0ve7qt6,3,4,0.001,495,161,2,4,neither,0.0,0.0,911,911,911,0,0,999,999,within_band,within_band,-91.1,8.9,False
x0ve7qt6,3,4,0.001,495,161,3,1,neither,0.0,0.0,911,911,911,0,0,999,999,within_band,within_band,-91.1,8.9,False
x0ve7qt6,3,4,0.001,495,161,3,2,violation-detecting,0.0,1.0,911,773,795,-138,-116,999,984,damaged,damaged,-91.1,8.9,False
x0ve7qt6,3,4,0.001,495,161,3,3,neither,0.0,0.0,911,911,911,0,0,999,999,within_band,within_band,-91.1,8.9,False
x0ve7qt6,3,4,0.001,495,161,3,4,neither,0.0,0.0,911,911,911,0,0,999,999,within_band,within_band,-91.1,8.9,False
x1iifjyp,2,4,0.01,105,231,1,1,neither,0.0,0.0,809,809,809,0,0,999,999,within_band,within_band,-80.9,19.1,False
x1iifjyp,2,4,0.01,105,231,1,2,neither,0.0,0.0,809,809,809,0,0,999,999,within_band,within_band,-80.9,19.1,False
x1iifjyp,2,4,0.01,105,231,1,3,neither,0.0,0.0,809,809,809,0,0,999,999,within_band,within_band,-80.9,19.1,False
x1iifjyp,2,4,0.01,105,231,1,4,neither,0.0,0.0,809,809,809,0,0,999,999,within_band,within_band,-80.9,19.1,False
x1iifjyp,2,4,0.01,105,231,2,1,neither,0.0,0.0,809,809,809,0,0,999,999,within_band,within_band,-80.9,19.1,False
x1iifjyp,2,4,0.01,105,231,2,2,neither,0.0,0.0,809,809,809,0,0,999,999,within_band,within_band,-80.9,19.1,False
x1iifjyp,2,4,0.01,105,231,2,3,neither,0.0,0.0,809,809,809,0,0,999,999,within_band,within_band,-80.9,19.1,False
x1iifjyp,2,4,0.01,105,231,2,4,neither,0.0,0.0,809,809,809,0,0,999,999,within_band,within_band,-80.9,19.1,False
x1jm6aa4,1,4,0.0,109,161,1,1,neither,0.0049999998882412,0.007,2,2,2,0,0,1000,1000,within_band,within_band,-0.2,99.8,False
x1jm6aa4,1,4,0.0,109,161,1,2,neither,0.003000000026077,0.037,2,2,2,0,0,1000,1000,within_band,within_band,-0.2,99.8,False
x1jm6aa4,1,4,0.0,109,161,1,3,neither,0.0120000001043081,0.017,2,1,2,-1,0,1000,1000,within_band,within_band,-0.2,99.8,False
x1jm6aa4,1,4,0.0,109,161,1,4,neither,0.0,0.022,2,0,0,-2,-2,1000,1000,within_band,within_band,-0.2,99.8,False
x6lq45m3,2,2,0.001,92,231,1,1,neither,0.0,0.036,922,922,922,0,0,999,999,within_band,within_band,-92.2,7.8,False
x6lq45m3,2,2,0.001,92,231,1,2,neither,0.0049999998882412,0.0,922,922,922,0,0,999,999,within_band,within_band,-92.2,7.8,False
x6lq45m3,2,2,0.001,92,231,2,1,neither,0.0,0.0,922,922,922,0,0,999,999,within_band,within_band,-92.2,7.8,False
x6lq45m3,2,2,0.001,92,231,2,2,violation-detecting,0.0010000000474974,0.999,922,798,809,-124,-113,999,980,damaged,damaged,-92.2,7.8,False
xj6mwipd,1,2,0.01,109,231,1,1,neither,0.0010000000474974,0.0,0,0,0,0,0,1000,1000,within_band,within_band,0.0,100.0,False
xj6mwipd,1,2,0.01,109,231,1,2,neither,0.0,0.0,0,0,0,0,0,1000,1000,within_band,within_band,0.0,100.0,False
xmktkp86,2,2,0.0,109,231,1,1,neither,0.0070000002160668,0.001,294,323,332,29,38,1000,1000,improved,improved,-29.4,70.6,False
xmktkp86,2,2,0.0,109,231,1,2,neither,0.0010000000474974,0.003,294,350,348,56,54,1000,1000,improved,improved,-29.4,70.6,False
xmktkp86,2,2,0.0,109,231,2,1,neither,0.1570000052452087,0.038,294,292,291,-2,-3,1000,1000,within_band,within_band,-29.4,70.6,False
xmktkp86,2,2,0.0,109,231,2,2,neither,0.7020000219345093,0.006,294,394,389,100,95,1000,1000,improved,improved,-29.4,70.6,False
y2egznqp,3,2,0.01,92,231,1,1,neither,0.0,0.0,120,120,120,0,0,1000,1000,within_band,within_band,-12.0,88.0,False
y2egznqp,3,2,0.01,92,231,1,2,neither,0.0,0.0,120,120,120,0,0,1000,1000,within_band,within_band,-12.0,88.0,False
y2egznqp,3,2,0.01,92,231,2,1,neither,0.0,0.0,120,120,120,0,0,1000,1000,within_band,within_band,-12.0,88.0,False
y2egznqp,3,2,0.01,92,231,2,2,neither,0.0,0.0,120,120,120,0,0,1000,1000,within_band,within_band,-12.0,88.0,False
y2egznqp,3,2,0.01,92,231,3,1,neither,0.0,0.0,120,120,120,0,0,1000,1000,within_band,within_band,-12.0,88.0,False
y2egznqp,3,2,0.01,92,231,3,2,neither,0.0,0.0,120,120,120,0,0,1000,1000,within_band,within_band,-12.0,88.0,False
y2krz2bs,2,4,0.01,92,220,1,1,neither,0.0,0.0,853,853,853,0,0,999,999,within_band,within_band,-85.3,14.7,False
y2krz2bs,2,4,0.01,92,220,1,2,neither,0.0,0.0,853,853,853,0,0,999,999,within_band,within_band,-85.3,14.7,False
y2krz2bs,2,4,0.01,92,220,1,3,neither,0.0040000001899898,0.0,853,853,853,0,0,999,999,within_band,within_band,-85.3,14.7,False
y2krz2bs,2,4,0.01,92,220,1,4,neither,0.0,0.0,853,853,853,0,0,999,999,within_band,within_band,-85.3,14.7,False
y2krz2bs,2,4,0.01,92,220,2,1,neither,0.0,0.0,853,853,853,0,0,999,999,within_band,within_band,-85.3,14.7,False
y2krz2bs,2,4,0.01,92,220,2,2,neither,0.0,0.0,853,853,853,0,0,999,999,within_band,within_band,-85.3,14.7,False
y2krz2bs,2,4,0.01,92,220,2,3,neither,0.0,0.0,853,853,853,0,0,999,999,within_band,within_band,-85.3,14.7,False
y2krz2bs,2,4,0.01,92,220,2,4,sign-matching,0.9990000128746032,0.001,853,929,925,76,72,999,997,improved,improved,-85.3,14.7,False
yeabbkaf,3,4,0.001,92,220,1,1,neither,0.0,0.0,465,465,465,0,0,1000,1000,within_band,within_band,-46.5,53.5,False
yeabbkaf,3,4,0.001,92,220,1,2,neither,0.0,0.0,465,465,465,0,0,1000,1000,within_band,within_band,-46.5,53.5,False
yeabbkaf,3,4,0.001,92,220,1,3,neither,0.0,0.0,465,465,465,0,0,1000,1000,within_band,within_band,-46.5,53.5,False
yeabbkaf,3,4,0.001,92,220,1,4,neither,0.0,0.0,465,465,465,0,0,1000,1000,within_band,within_band,-46.5,53.5,False
yeabbkaf,3,4,0.001,92,220,2,1,neither,0.0,0.0,465,465,465,0,0,1000,1000,within_band,within_band,-46.5,53.5,False
yeabbkaf,3,4,0.001,92,220,2,2,neither,0.0,0.0,465,465,465,0,0,1000,1000,within_band,within_band,-46.5,53.5,False
yeabbkaf,3,4,0.001,92,220,2,3,neither,0.0,0.0,465,465,465,0,0,1000,1000,within_band,within_band,-46.5,53.5,False
yeabbkaf,3,4,0.001,92,220,2,4,neither,0.0,0.0,465,465,465,0,0,1000,1000,within_band,within_band,-46.5,53.5,False
yeabbkaf,3,4,0.001,92,220,3,1,neither,0.0,0.0,465,465,465,0,0,1000,1000,within_band,within_band,-46.5,53.5,False
yeabbkaf,3,4,0.001,92,220,3,2,neither,0.0,0.0,465,465,465,0,0,1000,1000,within_band,within_band,-46.5,53.5,False
yeabbkaf,3,4,0.001,92,220,3,3,neither,0.0,0.0,465,465,465,0,0,1000,1000,within_band,within_band,-46.5,53.5,False
yeabbkaf,3,4,0.001,92,220,3,4,neither,0.0,0.0,465,465,465,0,0,1000,1000,within_band,within_band,-46.5,53.5,False
yfq7d3j8,1,4,0.01,495,231,1,1,neither,0.0,0.004,0,0,0,0,0,1000,1000,within_band,within_band,0.0,100.0,False
yfq7d3j8,1,4,0.01,495,231,1,2,neither,0.0,0.0,0,0,0,0,0,1000,1000,within_band,within_band,0.0,100.0,False
yfq7d3j8,1,4,0.01,495,231,1,3,neither,0.0,0.0,0,0,0,0,0,1000,1000,within_band,within_band,0.0,100.0,False
yfq7d3j8,1,4,0.01,495,231,1,4,neither,0.0,0.0,0,0,0,0,0,1000,1000,within_band,within_band,0.0,100.0,False
yhytiuc6,1,2,0.01,365,231,1,1,neither,0.0,0.003,0,0,0,0,0,1000,1000,within_band,within_band,0.0,100.0,False
yhytiuc6,1,2,0.01,365,231,1,2,neither,0.0,0.0,0,0,0,0,0,1000,1000,within_band,within_band,0.0,100.0,False
ylsmfxag,1,4,0.001,92,231,1,1,neither,0.0170000009238719,0.0,0,0,0,0,0,999,999,within_band,within_band,0.0,100.0,False
ylsmfxag,1,4,0.001,92,231,1,2,neither,0.0,0.0,0,0,0,0,0,999,999,within_band,within_band,0.0,100.0,False
ylsmfxag,1,4,0.001,92,231,1,3,neither,0.0,0.0,0,0,0,0,0,999,999,within_band,within_band,0.0,100.0,False
ylsmfxag,1,4,0.001,92,231,1,4,neither,0.0170000009238719,0.0,0,0,0,0,0,999,999,within_band,within_band,0.0,100.0,False
yor640k7,1,4,0.0,105,161,1,1,neither,0.006000000052154,0.034,510,515,518,5,8,1000,1000,within_band,within_band,-51.0,49.0,False
yor640k7,1,4,0.0,105,161,1,2,neither,0.0209999997168779,0.004,510,508,508,-2,-2,1000,1000,within_band,within_band,-51.0,49.0,False
yor640k7,1,4,0.0,105,161,1,3,neither,0.0,0.026,510,472,475,-38,-35,1000,1000,damaged,damaged,-51.0,49.0,False
yor640k7,1,4,0.0,105,161,1,4,neither,0.0,0.029,510,0,0,-510,-510,1000,1000,damaged,damaged,-51.0,49.0,False
ypzdbh43,1,2,0.0,365,161,1,1,neither,0.0170000009238719,0.0,554,554,554,0,0,999,999,within_band,within_band,-55.4,44.6,False
ypzdbh43,1,2,0.0,365,161,1,2,neither,0.0,0.034,554,0,0,-554,-554,999,999,damaged,damaged,-55.4,44.6,False
z8324uk3,1,2,0.001,109,220,1,1,neither,0.0049999998882412,0.0,0,0,0,0,0,999,999,within_band,within_band,0.0,100.0,False
z8324uk3,1,2,0.001,109,220,1,2,neither,0.0,0.005,0,0,0,0,0,999,999,within_band,within_band,0.0,100.0,False
zbxb7y9g,1,2,0.01,365,161,1,1,neither,0.0,0.0,0,0,0,0,0,999,999,within_band,within_band,0.0,100.0,False
zbxb7y9g,1,2,0.01,365,161,1,2,neither,0.0,0.0,0,0,0,0,0,999,999,within_band,within_band,0.0,100.0,False
zeljyiyz,1,4,0.0,365,220,1,1,neither,0.0049999998882412,0.033,303,291,293,-12,-10,1000,1000,damaged,within_band,-30.3,69.7,False
zeljyiyz,1,4,0.0,365,220,1,2,neither,0.0359999984502792,0.004,303,281,278,-22,-25,1000,1000,damaged,damaged,-30.3,69.7,False
zeljyiyz,1,4,0.0,365,220,1,3,neither,0.0,0.044,303,0,1,-303,-302,1000,1000,damaged,damaged,-30.3,69.7,False
zeljyiyz,1,4,0.0,365,220,1,4,neither,0.0199999995529651,0.002,303,303,303,0,0,1000,1000,within_band,within_band,-30.3,69.7,False
zjtpi60l,1,2,0.0,92,161,1,1,neither,0.0070000002160668,0.009,70,63,65,-7,-5,1000,1000,within_band,within_band,-7.0,93.0,False
zjtpi60l,1,2,0.0,92,161,1,2,neither,0.0,0.037,70,0,0,-70,-70,1000,1000,damaged,damaged,-7.0,93.0,False
zl2lnxim,1,2,0.0,495,231,1,1,neither,0.0160000007599592,0.006,554,554,554,0,0,999,999,within_band,within_band,-55.4,44.6,False
zl2lnxim,1,2,0.0,495,231,1,2,neither,0.0,0.027,554,0,0,-554,-554,999,999,damaged,damaged,-55.4,44.6,False
zwaasut2,2,4,0.001,365,161,1,1,neither,0.0,0.005,821,820,820,-1,-1,999,999,within_band,within_band,-82.1,17.9,False
zwaasut2,2,4,0.001,365,161,1,2,neither,0.0,0.003,821,820,820,-1,-1,999,999,within_band,within_band,-82.1,17.9,False
zwaasut2,2,4,0.001,365,161,1,3,neither,0.0,0.0,821,820,820,-1,-1,999,999,within_band,within_band,-82.1,17.9,False
zwaasut2,2,4,0.001,365,161,1,4,neither,0.0,0.002,821,820,820,-1,-1,999,999,within_band,within_band,-82.1,17.9,False
zwaasut2,2,4,0.001,365,161,2,1,neither,0.0,0.0,821,821,821,0,0,999,999,within_band,within_band,-82.1,17.9,False
zwaasut2,2,4,0.001,365,161,2,2,neither,0.0,0.0,821,821,821,0,0,999,999,within_band,within_band,-82.1,17.9,False
zwaasut2,2,4,0.001,365,161,2,3,neither,0.0,0.0,821,821,821,0,0,999,999,within_band,within_band,-82.1,17.9,False
zwaasut2,2,4,0.001,365,161,2,4,neither,0.3230000138282776,0.677,821,740,753,-81,-68,999,960,damaged,damaged,-82.1,17.9,False
zzjaz98q,1,2,0.0,109,161,1,1,neither,0.0199999995529651,0.013,0,2,2,2,2,1000,1000,within_band,within_band,0.0,100.0,False
zzjaz98q,1,2,0.0,109,161,1,2,neither,0.0,0.045,0,0,0,0,0,1000,1000,within_band,within_band,0.0,100.0,False
